"","V4","V7","V9","macSum"
"1",0.00026,1e-05,0.000681,0.999049
"2",1e-05,0.002152,1e-05,0.997828
"3",8e-05,1e-05,0.000812,0.999098
"4",0.00334,1e-05,1e-05,0.99664
"5",1e-05,0.002149,1e-05,0.997831
"6",1e-05,0.002936,1e-05,0.997044
"7",0.00903,0.0147,1e-05,0.97626
"8",0.005264,1e-05,1e-05,0.994717
"9",1e-05,0.004123,0.011485,0.984382
"10",1e-05,1e-05,0.018584,0.981395
"11",1e-05,1e-05,1e-05,0.99997
"12",1e-05,1e-05,1e-05,0.99997
"13",1e-05,0.967834,1e-05,0.032146
"14",1e-05,0.99992,1e-05,6e-05
"15",0.002675,1e-05,1e-05,0.997305
"16",0.339589,0.459563,0.146861,0.053987
"17",0.99992,1e-05,1e-05,6e-05
"18",0.028808,0.913039,1e-05,0.058143
"19",0.282301,0.358644,0.128417,0.230637
"20",0.264825,0.304801,0.093948,0.336427
"21",1e-05,0.005412,0.026172,0.968405
"22",0.051813,0.036524,0.454015,0.457647
"23",0.014148,0.014787,0.466016,0.505048
"24",0.797477,0.070207,0.055993,0.076323
"25",0.032383,0.06002,0.83647,0.071128
"26",0.146463,1e-05,0.027879,0.825647
"27",1e-05,1e-05,1e-05,0.99997
"28",0.99992,1e-05,1e-05,6e-05
"29",1e-05,0.957196,1e-05,0.042784
"30",1e-05,0.810425,1e-05,0.189555
"31",1e-05,0.99992,1e-05,6e-05
"32",1e-05,1e-05,0.91147,0.08851
"33",0.99992,1e-05,1e-05,6e-05
"34",0.000393,0.999537,1e-05,6e-05
"35",1e-05,0.99992,1e-05,6e-05
"36",0.312554,0.421958,0.135065,0.130424
"37",1e-05,0.999161,1e-05,0.000819
"38",1e-05,0.99992,1e-05,6e-05
"39",0.99992,1e-05,1e-05,6e-05
"40",1e-05,0.99992,1e-05,6e-05
"41",0.327982,0.411503,0.148423,0.112091
"42",0.969338,1e-05,1e-05,0.030642
"43",1e-05,0.99992,1e-05,6e-05
"44",1e-05,0.99992,1e-05,6e-05
"45",1e-05,0.989725,1e-05,0.010255
"46",1e-05,0.946547,1e-05,0.053433
"47",0.828036,0.072937,0.059209,0.039818
"48",1e-05,1e-05,0.99992,6e-05
"49",0.839849,0.065188,0.061464,0.033499
"50",0.994735,0.005195,1e-05,6e-05
"51",0.972522,0.027408,1e-05,6e-05
"52",1e-05,0.99992,1e-05,6e-05
"53",0.936778,1e-05,1e-05,0.063202
"54",0.465233,0.000837,1e-05,0.533919
"55",0.99992,1e-05,1e-05,6e-05
"56",0.931802,0.021571,1e-05,0.046617
"57",1e-05,1e-05,0.99992,6e-05
"58",1e-05,1e-05,0.99992,6e-05
"59",1e-05,0.003618,0.005348,0.991023
"60",0.355354,0.468483,0.164629,0.011534
"61",1e-05,0.921911,1e-05,0.078068
"62",1e-05,0.99992,1e-05,6e-05
"63",0.970193,0.00569,1e-05,0.024107
"64",0.99992,1e-05,1e-05,6e-05
"65",1e-05,0.99992,1e-05,6e-05
"66",0.015556,0.932086,0.002545,0.049812
"67",0.99992,1e-05,1e-05,6e-05
"68",0.015045,0.002027,1e-05,0.982918
"69",0.004435,1e-05,0.035581,0.959975
"70",0.004902,0.001905,0.02607,0.967123
"71",0.003407,1e-05,0.009064,0.987519
"72",1e-05,1e-05,0.980453,0.019527
"73",1e-05,1e-05,0.99992,6e-05
"74",0.99992,1e-05,1e-05,6e-05
"75",1e-05,1e-05,0.966857,0.033123
"76",1e-05,1e-05,0.99992,6e-05
"77",0.024652,0.705696,0.011403,0.258249
"78",0.369055,0.427198,0.147595,0.056153
"79",0.006045,1e-05,1e-05,0.993935
"80",0.984992,1e-05,0.002583,0.012415
"81",0.99992,1e-05,1e-05,6e-05
"82",0.009419,0.990511,1e-05,6e-05
"83",0.99992,1e-05,1e-05,6e-05
"84",1e-05,0.036034,0.629415,0.334539
"85",1e-05,1e-05,0.021194,0.978785
"86",0.99992,1e-05,1e-05,6e-05
"87",0.97564,1e-05,1e-05,0.024341
"88",0.481979,1e-05,0.052532,0.465479
"89",0.648577,0.199832,0.07296,0.07863
"90",0.047457,0.84805,0.006042,0.098451
"91",0.04465,0.95528,1e-05,6e-05
"92",0.99992,1e-05,1e-05,6e-05
"93",0.985834,0.005787,0.008319,6e-05
"94",0.975885,1e-05,1e-05,0.024095
"95",0.99992,1e-05,1e-05,6e-05
"96",0.99992,1e-05,1e-05,6e-05
"97",0.041497,0.038921,0.853373,0.066209
"98",0.99992,1e-05,1e-05,6e-05
"99",0.321904,0.424408,0.151017,0.102671
"100",0.352269,0.432682,0.154141,0.060909
"101",0.018051,0.034042,0.947848,6e-05
"102",0.92246,0.002579,0.005611,0.06935
"103",0.795776,0.064131,0.056335,0.083758
"104",1e-05,0.010217,0.000317,0.989457
"105",0.338808,0.442302,0.152474,0.066417
"106",0.317542,0.411021,0.145624,0.125813
"107",0.344958,0.428526,0.141734,0.084782
"108",0.362514,0.457502,0.174797,0.005187
"109",0.343849,0.42375,0.16892,0.06348
"110",1e-05,1e-05,1e-05,0.99997
"111",1e-05,1e-05,0.99992,6e-05
"112",1e-05,1e-05,0.99992,6e-05
"113",1e-05,1e-05,0.911266,0.088714
"114",1e-05,0.00156,0.926918,0.071512
"115",0.99992,1e-05,1e-05,6e-05
"116",1e-05,1e-05,0.99992,6e-05
"117",1e-05,0.902896,1e-05,0.097084
"118",0.99992,1e-05,1e-05,6e-05
"119",1e-05,1e-05,0.99992,6e-05
"120",1e-05,1e-05,0.99992,6e-05
"121",0.99992,1e-05,1e-05,6e-05
"122",1e-05,0.999918,1e-05,6.2e-05
"123",1e-05,0.99992,1e-05,6e-05
"124",0.007557,0.009485,0.005369,0.977589
"125",0.99992,1e-05,1e-05,6e-05
"126",1.8e-05,0.999902,1e-05,6.9e-05
"127",1e-05,0.99992,1e-05,6e-05
"128",0.614459,0.042211,0.007117,0.336213
"129",0.696885,0.189592,0.088989,0.024533
"130",0.724967,0.175001,0.089865,0.010167
"131",0.686857,0.171606,0.092324,0.049213
"132",0.99992,1e-05,1e-05,6e-05
"133",0.99992,1e-05,1e-05,6e-05
"134",1e-05,0.99992,1e-05,6e-05
"135",0.959543,1e-05,1e-05,0.040438
"136",0.002476,0.039461,0.003631,0.954432
"137",1e-05,0.002341,1e-05,0.997638
"138",0.026578,0.003751,1e-05,0.969659
"139",1e-05,1e-05,0.009501,0.990479
"140",0.358867,0.446995,0.162008,0.03213
"141",1e-05,0.000587,0.006942,0.992461
"142",0.003114,1e-05,1e-05,0.996865
"143",1e-05,1e-05,1e-05,0.999971
"144",1e-05,0.003868,0.009932,0.98619
"145",0.005333,0.004013,0.006776,0.983878
"146",1e-05,0.001993,0.007348,0.990649
"147",1e-05,0.002744,1e-05,0.997236
"148",0.009793,1e-05,0.02256,0.967637
"149",1e-05,1e-05,1e-05,0.99997
"150",1e-05,1e-05,1e-05,0.99997
"151",1e-05,0.006517,0.012038,0.981436
"152",0.020184,0.025552,1e-05,0.954254
"153",0.003375,0.025589,1e-05,0.971027
"154",0.001268,0.011421,1e-05,0.987301
"155",1e-05,1e-05,1e-05,0.999971
"156",1e-05,1e-05,1e-05,0.99997
"157",1e-05,0.009126,0.00628,0.984585
"158",1e-05,0.000385,1e-05,0.999595
"159",1e-05,1e-05,1e-05,0.99997
"160",0.001647,0.003412,1e-05,0.994931
"161",1e-05,0.00378,1e-05,0.9962
"162",1e-05,0.056357,1e-05,0.943623
"163",0.012709,0.057477,1e-05,0.929804
"164",0.00138,1e-05,0.022244,0.976366
"165",1e-05,1e-05,1e-05,0.99997
"166",1e-05,0.004181,1e-05,0.995798
"167",1e-05,1e-05,1e-05,0.99997
"168",0.007533,0.003815,1e-05,0.988644
"169",1e-05,1e-05,0.003636,0.996343
"170",1e-05,0.000126,1e-05,0.999854
"171",1e-05,1e-05,0.012793,0.987188
"172",0.002559,0.006126,0.013197,0.978118
"173",1e-05,1e-05,1e-05,0.999969
"174",1e-05,1e-05,0.003406,0.996574
"175",1e-05,1e-05,1e-05,0.999969
"176",1e-05,1e-05,0.001715,0.998266
"177",1e-05,1e-05,1e-05,0.99997
"178",1e-05,1e-05,1e-05,0.99997
"179",1e-05,1e-05,1e-05,0.999969
"180",7.5e-05,1e-05,1e-05,0.999904
"181",1e-05,1e-05,1e-05,0.999971
"182",1e-05,1e-05,1e-05,0.99997
"183",0.002629,0.007198,0.002469,0.987705
"184",1e-05,1e-05,0.020254,0.979726
"185",1e-05,0.05678,0.010708,0.932501
"186",1e-05,0.007799,1e-05,0.99218
"187",1e-05,1e-05,0.035125,0.964855
"188",2.6e-05,0.061527,1e-05,0.938436
"189",1e-05,1e-05,0.004733,0.995247
"190",1e-05,1e-05,0.015545,0.984435
"191",0.001067,0.006192,1e-05,0.992729
"192",0.006802,1e-05,1e-05,0.993178
"193",1e-05,1e-05,1e-05,0.99997
"194",1e-05,1e-05,0.009719,0.990261
"195",0.015068,1e-05,1e-05,0.984911
"196",1e-05,1e-05,1e-05,0.99997
"197",0.006533,1e-05,0.002066,0.991391
"198",1e-05,0.002491,3.8e-05,0.99746
"199",1e-05,0.005845,1e-05,0.994135
"200",1e-05,0.008319,1e-05,0.991661
"201",1e-05,0.006966,1e-05,0.993014
"202",1e-05,1e-05,1e-05,0.99997
"203",1e-05,1e-05,0.014263,0.985718
"204",1e-05,1e-05,1e-05,0.99997
"205",0.006847,1e-05,1e-05,0.993132
"206",1e-05,1e-05,1e-05,0.99997
"207",0.000675,1e-05,0.014357,0.984958
"208",0.004581,0.012372,0.016966,0.966082
"209",0.000778,1e-05,0.014365,0.984847
"210",1e-05,1e-05,1e-05,0.99997
"211",1e-05,0.01876,1e-05,0.981221
"212",1e-05,1e-05,1e-05,0.999969
"213",1e-05,0.00787,0.002628,0.989492
"214",1e-05,1e-05,1e-05,0.999969
"215",0.000334,1e-05,1e-05,0.999647
"216",1e-05,1e-05,1e-05,0.999969
"217",1e-05,1e-05,1e-05,0.99997
"218",0.006275,1e-05,0.014288,0.979428
"219",0.01729,1e-05,0.001423,0.981277
"220",0.005615,0.004313,0.012783,0.977289
"221",1e-05,0.009995,1e-05,0.989985
"222",0.001107,0.001462,0.030498,0.966933
"223",0.001762,1e-05,1e-05,0.998218
"224",0.021741,0.000154,1e-05,0.978096
"225",0.003374,1e-05,1e-05,0.996606
"226",0.009783,1e-05,0.001847,0.98836
"227",1e-05,0.009113,1e-05,0.990866
"228",1e-05,0.008928,1e-05,0.991052
"229",1e-05,1e-05,0.015234,0.984746
"230",1e-05,1e-05,1e-05,0.99997
"231",1e-05,0.003756,1e-05,0.996224
"232",0.008984,0.002441,1e-05,0.988563
"233",0.00085,1e-05,0.010715,0.988425
"234",1e-05,1e-05,1e-05,0.99997
"235",1e-05,0.008275,1e-05,0.991706
"236",1e-05,1e-05,1e-05,0.99997
"237",0.003439,1e-05,0.015566,0.980985
"238",1e-05,1e-05,0.005407,0.994573
"239",1e-05,0.000563,0.000814,0.998612
"240",0.000147,1e-05,0.026178,0.973665
"241",1e-05,0.028772,0.009117,0.962101
"242",1e-05,0.006164,1e-05,0.993816
"243",1e-05,0.036895,0.002906,0.960188
"244",0.000879,1e-05,1e-05,0.999102
"245",1e-05,0.002202,1e-05,0.997777
"246",1e-05,0.000614,1e-05,0.999366
"247",1e-05,1e-05,0.001718,0.998262
"248",1e-05,1e-05,0.000931,0.999048
"249",1e-05,0.003417,0.000552,0.99602
"250",1e-05,0.004981,1e-05,0.994999
"251",0.007317,0.001762,0.000879,0.990042
"252",1e-05,1e-05,1e-05,0.99997
"253",1e-05,0.004367,0.009382,0.986241
"254",0.00821,1e-05,1e-05,0.99177
"255",1e-05,0.011165,0.001646,0.987178
"256",1e-05,1e-05,0.000688,0.999292
"257",1e-05,1e-05,0.003837,0.996143
"258",1e-05,1e-05,1e-05,0.999969
"259",1e-05,1e-05,1e-05,0.99997
"260",0.949704,0.004076,1e-05,0.04621
"261",1e-05,1e-05,0.021587,0.978392
"262",0.005712,0.075971,0.019583,0.898734
"263",1e-05,1e-05,1e-05,0.999971
"264",1e-05,1e-05,0.011569,0.98841
"265",1e-05,1e-05,1e-05,0.99997
"266",0.000103,0.005142,1e-05,0.994745
"267",1e-05,0.088473,1e-05,0.911507
"268",1e-05,1e-05,0.017954,0.982025
"269",1e-05,1e-05,0.026899,0.973082
"270",1e-05,1e-05,0.003777,0.996203
"271",1e-05,0.009157,1e-05,0.990823
"272",1e-05,0.001129,0.005089,0.993773
"273",1e-05,0.005023,1e-05,0.994957
"274",1e-05,0.007327,1e-05,0.992653
"275",1e-05,1e-05,1e-05,0.99997
"276",1e-05,0.008851,1e-05,0.99113
"277",0.005396,0.003353,1e-05,0.991241
"278",0.0011,0.006568,0.008246,0.984086
"279",1e-05,0.006957,1e-05,0.993023
"280",1e-05,1e-05,1e-05,0.99997
"281",1e-05,1e-05,1e-05,0.99997
"282",1e-05,8.7e-05,1e-05,0.999892
"283",0.00659,1e-05,0.002357,0.991043
"284",0.002574,0.037278,0.007891,0.952258
"285",0.000177,1e-05,0.035208,0.964605
"286",1.9e-05,1e-05,0.015621,0.98435
"287",1e-05,0.002853,1e-05,0.997125
"288",1e-05,0.042534,0.01613,0.941326
"289",1e-05,0.000375,0.005235,0.99438
"290",0.007438,0.009743,0.011134,0.971685
"291",1e-05,0.038913,0.006161,0.954916
"292",1e-05,1e-05,0.00121,0.99877
"293",1e-05,1e-05,1e-05,0.99997
"294",0.02175,0.094272,0.014964,0.869014
"295",0.005885,1e-05,0.009038,0.985067
"296",0.001579,0.011585,0.111641,0.875195
"297",0.005176,1e-05,0.005624,0.98919
"298",1e-05,1e-05,1e-05,0.99997
"299",1e-05,1e-05,1e-05,0.99997
"300",1e-05,1e-05,1e-05,0.999969
"301",1e-05,0.001999,0.001403,0.996588
"302",1e-05,0.015269,0.004807,0.979913
"303",1e-05,1e-05,0.026007,0.973973
"304",0.008742,0.0365,0.019836,0.934921
"305",1e-05,0.002202,0.031878,0.965909
"306",0.001743,1e-05,0.008059,0.990189
"307",0.020578,1e-05,0.000247,0.979165
"308",1e-05,1e-05,8.6e-05,0.999894
"309",1e-05,0.005536,0.004137,0.990316
"310",0.00557,0.003129,1e-05,0.991291
"311",0.002291,0.005112,0.016652,0.975945
"312",0.001535,0.013023,0.004081,0.98136
"313",1e-05,0.004038,0.005035,0.990917
"314",1e-05,1e-05,0.007002,0.992978
"315",1e-05,0.001302,1e-05,0.998678
"316",1e-05,1e-05,1e-05,0.99997
"317",0.005815,0.006701,1e-05,0.987474
"318",0.007004,0.011314,1e-05,0.981672
"319",1e-05,0.005104,1e-05,0.994876
"320",1e-05,1e-05,0.003339,0.996642
"321",0.005907,0.010661,0.018124,0.965308
"322",0.014993,1e-05,0.000286,0.984711
"323",1e-05,0.009176,1e-05,0.990805
"324",1e-05,0.002892,0.016224,0.980874
"325",1e-05,0.000867,0.023637,0.975487
"326",1e-05,0.005866,1e-05,0.994114
"327",0.013952,1e-05,1e-05,0.986027
"328",1e-05,1e-05,0.007934,0.992047
"329",0.001818,0.000562,1e-05,0.997609
"330",0.00526,1e-05,0.006442,0.988289
"331",0.012146,0.018334,1e-05,0.969509
"332",0.001371,0.000523,0.002352,0.995753
"333",1e-05,1e-05,1e-05,0.99997
"334",0.003433,1e-05,0.047192,0.949364
"335",0.005179,0.015448,0.006217,0.973156
"336",0.003389,1e-05,1e-05,0.996592
"337",0.010822,0.044165,1e-05,0.945003
"338",1e-05,0.005428,1e-05,0.994551
"339",1e-05,1e-05,0.01965,0.98033
"340",0.00664,0.011466,0.010179,0.971716
"341",0.007655,0.012587,1e-05,0.979748
"342",1e-05,1e-05,0.004386,0.995595
"343",1e-05,0.058159,0.000163,0.941668
"344",1e-05,0.004201,0.008047,0.987743
"345",1e-05,0.008187,0.010143,0.981659
"346",0.002029,1e-05,1e-05,0.997951
"347",0.00483,1e-05,0.015856,0.979303
"348",1e-05,1e-05,1e-05,0.99997
"349",1e-05,1e-05,1e-05,0.99997
"350",1e-05,1e-05,0.004707,0.995273
"351",0.002812,1e-05,1e-05,0.997168
"352",1e-05,1e-05,0.003162,0.996818
"353",0.006542,0.006028,0.013437,0.973993
"354",0.014716,1e-05,1e-05,0.985264
"355",1e-05,1e-05,1e-05,0.99997
"356",1e-05,0.020681,1e-05,0.979299
"357",1e-05,1e-05,1e-05,0.99997
"358",1e-05,0.004948,1e-05,0.995032
"359",1e-05,1e-05,1e-05,0.99997
"360",1e-05,1e-05,1e-05,0.99997
"361",1e-05,0.006272,0.003472,0.990246
"362",1e-05,1e-05,1e-05,0.99997
"363",1e-05,1e-05,0.019749,0.98023
"364",1e-05,1e-05,1e-05,0.99997
"365",1e-05,0.004161,1e-05,0.99582
"366",0.003626,0.000987,0.032606,0.962781
"367",1e-05,1e-05,0.005252,0.994728
"368",1e-05,1e-05,1e-05,0.99997
"369",1e-05,1e-05,1e-05,0.99997
"370",1e-05,0.006716,0.003032,0.990241
"371",0.008624,0.009397,1e-05,0.981968
"372",1e-05,0.0041,0.007624,0.988266
"373",0.005709,1e-05,1e-05,0.994271
"374",0.009625,0.003817,1e-05,0.986548
"375",1e-05,0.01597,1e-05,0.98401
"376",0.008917,1e-05,1e-05,0.991064
"377",1e-05,0.005548,3e-04,0.994143
"378",1e-05,1e-05,1e-05,0.999969
"379",1e-05,0.010515,1e-05,0.989464
"380",1e-05,1e-05,0.015231,0.984748
"381",1e-05,1e-05,0.017162,0.982818
"382",1e-05,1e-05,1e-05,0.999969
"383",1e-05,1e-05,1e-05,0.99997
"384",0.004476,0.002123,0.002852,0.99055
"385",0.001144,1e-05,0.008988,0.989857
"386",1e-05,1e-05,1e-05,0.999969
"387",1e-05,0.003989,1e-05,0.99599
"388",1e-05,1e-05,1e-05,0.999971
"389",1e-05,1e-05,1e-05,0.99997
"390",1e-05,1e-05,1e-05,0.99997
"391",0.014708,1e-05,1e-05,0.985272
"392",1e-05,1e-05,1e-05,0.99997
"393",1e-05,0.010324,1e-05,0.989655
"394",1e-05,1e-05,1e-05,0.99997
"395",0.000511,1e-05,0.007311,0.992169
"396",1e-05,1e-05,0.007666,0.992314
"397",1e-05,1e-05,0.015225,0.984754
"398",0.007096,0.000177,0.000131,0.992595
"399",1e-05,1e-05,0.020745,0.979235
"400",0.005285,1e-05,1e-05,0.994696
"401",1e-05,0.008242,1e-05,0.991738
"402",0.010783,1e-05,1e-05,0.989198
"403",1e-05,1e-05,0.008642,0.991338
"404",1e-05,0.000346,1e-05,0.999634
"405",0.000494,1e-05,1e-05,0.999485
"406",1e-05,1e-05,1e-05,0.99997
"407",1e-05,1e-05,1e-05,0.999971
"408",0.004472,1e-05,0.017748,0.977769
"409",1e-05,1e-05,1e-05,0.99997
"410",1e-05,1e-05,1e-05,0.99997
"411",1e-05,1e-05,1e-05,0.99997
"412",1e-05,0.004149,1e-05,0.995831
"413",0.001968,0.00863,1e-05,0.989392
"414",1e-05,1e-05,0.01172,0.98826
"415",1e-05,1e-05,1e-05,0.999969
"416",1e-05,0.000494,1e-05,0.999487
"417",1e-05,1e-05,0.002587,0.997392
"418",1e-05,0.003268,1e-05,0.996711
"419",1e-05,1e-05,1e-05,0.999971
"420",1e-05,0.005291,0.004307,0.990392
"421",0.000127,1e-05,1e-05,0.999854
"422",1e-05,1e-05,1e-05,0.99997
"423",0.002398,1e-05,1e-05,0.997581
"424",1e-05,1e-05,0.003729,0.996251
"425",1e-05,1e-05,1e-05,0.999971
"426",1e-05,1e-05,1e-05,0.99997
"427",1e-05,1e-05,1e-05,0.999971
"428",1e-05,0.011635,1e-05,0.988345
"429",0.001123,0.016654,0.023294,0.95893
"430",1e-05,0.000273,1e-05,0.999707
"431",1e-05,0.00139,1e-05,0.99859
"432",1e-05,1e-05,1e-05,0.99997
"433",1e-05,0.008702,1e-05,0.991277
"434",0.003735,0.009173,0.003162,0.983931
"435",1e-05,1e-05,1e-05,0.999971
"436",0.010402,0.001051,1e-05,0.988536
"437",1e-05,1e-05,1e-05,0.99997
"438",1e-05,1e-05,0.007804,0.992175
"439",1e-05,0.000682,1e-05,0.999297
"440",1e-05,1e-05,1e-05,0.99997
"441",1e-05,1e-05,1e-05,0.99997
"442",1e-05,1e-05,1e-05,0.99997
"443",1e-05,1e-05,1e-05,0.999969
"444",0.007224,1e-05,1e-05,0.992756
"445",1e-05,1e-05,1e-05,0.99997
"446",1e-05,1e-05,1e-05,0.999969
"447",1e-05,1e-05,0.026563,0.973416
"448",0.00541,1e-05,0.002705,0.991875
"449",1e-05,1e-05,0.017581,0.982399
"450",1e-05,1e-05,1e-05,0.99997
"451",1e-05,1e-05,1e-05,0.99997
"452",1e-05,0.002831,1e-05,0.99715
"453",1e-05,1e-05,1e-05,0.99997
"454",1e-05,1e-05,0.024406,0.975574
"455",1e-05,1e-05,0.0129,0.987079
"456",0.00873,0.002877,0.00047,0.987923
"457",1e-05,1e-05,1e-05,0.99997
"458",0.006446,1e-05,1e-05,0.993535
"459",1e-05,0.001735,1e-05,0.998245
"460",1e-05,1e-05,0.002201,0.997778
"461",1e-05,1e-05,0.008394,0.991586
"462",0.000503,0.008174,0.000871,0.990451
"463",0.007354,1e-05,1e-05,0.992626
"464",0.00291,1e-05,1e-05,0.99707
"465",1e-05,1e-05,1e-05,0.999971
"466",1e-05,1e-05,0.006125,0.993856
"467",1e-05,1e-05,0.006509,0.993471
"468",1e-05,0.011592,1e-05,0.988389
"469",0.016768,1e-05,1e-05,0.983213
"470",1e-05,0.004561,1e-05,0.995418
"471",0.014697,0.081399,1e-05,0.903894
"472",0.002736,0.000467,1e-05,0.996787
"473",1e-05,1e-05,1e-05,0.99997
"474",1e-05,1e-05,1e-05,0.99997
"475",1e-05,1e-05,0.003539,0.996442
"476",1e-05,1e-05,1e-05,0.999969
"477",1e-05,1e-05,1e-05,0.99997
"478",1e-05,1e-05,1e-05,0.999969
"479",0.004405,0.003229,1e-05,0.992356
"480",0.006482,0.000981,0.000591,0.991947
"481",1e-05,1e-05,1e-05,0.99997
"482",1e-05,1e-05,1e-05,0.999971
"483",1e-05,1e-05,1e-05,0.99997
"484",1e-05,0.006882,0.000951,0.992157
"485",1e-05,1e-05,1e-05,0.999969
"486",1e-05,1e-05,1e-05,0.999969
"487",0.006954,1e-05,1e-05,0.993025
"488",0.118756,1e-05,0.008887,0.872347
"489",0.075139,1e-05,1e-05,0.924841
"490",1e-05,1e-05,0.00492,0.99506
"491",1e-05,1e-05,0.017061,0.982919
"492",1e-05,1e-05,0.023299,0.976681
"493",0.001888,0.00872,1e-05,0.989382
"494",1e-05,1e-05,1e-05,0.99997
"495",0.000214,1e-05,1e-05,0.999765
"496",0.005523,0.014323,0.006839,0.973314
"497",1e-05,1e-05,1e-05,0.999971
"498",1e-05,0.013236,1e-05,0.986745
"499",0.015917,0.004326,1e-05,0.979747
"500",0.00446,0.001794,1e-05,0.993736
"501",0.145993,1e-05,0.02038,0.833617
"502",0.004202,1e-05,1e-05,0.995778
"503",1e-05,1e-05,1e-05,0.99997
"504",1e-05,1e-05,0.005987,0.993992
"505",1e-05,0.005106,1e-05,0.994874
"506",1e-05,1e-05,0.002004,0.997977
"507",0.355373,0.447889,0.171244,0.025494
"508",1e-05,0.003618,1e-05,0.996361
"509",1e-05,1e-05,0.007885,0.992094
"510",1e-05,0.003645,1e-05,0.996335
"511",0.007756,1e-05,1e-05,0.992222
"512",0.00158,1e-05,0.00719,0.991221
"513",1e-05,1e-05,1e-05,0.999971
"514",1e-05,0.003212,0.012336,0.984443
"515",1e-05,0.000184,1e-05,0.999796
"516",1e-05,1e-05,1e-05,0.99997
"517",0.016677,1e-05,0.003797,0.979517
"518",1e-05,1e-05,1e-05,0.999971
"519",1e-05,0.001885,1e-05,0.998095
"520",0.008415,1e-05,1e-05,0.991565
"521",1e-05,0.008641,1e-05,0.991339
"522",1e-05,1e-05,1e-05,0.99997
"523",1e-05,1e-05,1e-05,0.999971
"524",8e-05,1e-05,1e-05,0.9999
"525",1e-05,1e-05,0.020204,0.979776
"526",0.000718,1e-05,1e-05,0.999261
"527",1e-05,0.017854,1e-05,0.982126
"528",1e-05,0.015841,0.004865,0.979284
"529",1e-05,0.00844,0.006357,0.985193
"530",0.002714,1e-05,1e-05,0.997267
"531",1e-05,0.004462,1e-05,0.995519
"532",1e-05,0.035656,0.006754,0.957579
"533",1e-05,1e-05,1e-05,0.99997
"534",1e-05,0.005309,0.006087,0.988593
"535",1e-05,1e-05,1e-05,0.99997
"536",1e-05,1e-05,1e-05,0.99997
"537",1e-05,0.007977,1e-05,0.992003
"538",1e-05,0.015193,1e-05,0.984786
"539",1e-05,0.002212,0.008468,0.98931
"540",0.001103,1e-05,1e-05,0.998878
"541",1e-05,0.001123,1e-05,0.998857
"542",1e-05,1e-05,0.013047,0.986933
"543",1e-05,1e-05,1e-05,0.99997
"544",1e-05,1e-05,1e-05,0.999969
"545",1e-05,1e-05,1e-05,0.99997
"546",1e-05,1e-05,1e-05,0.99997
"547",1e-05,1e-05,1e-05,0.99997
"548",6.5e-05,1e-05,0.018368,0.981558
"549",0.120803,1e-05,1e-05,0.879177
"550",1e-05,0.002076,1e-05,0.997903
"551",0.011668,1e-05,1e-05,0.988312
"552",1e-05,0.004157,1e-05,0.995823
"553",1e-05,1e-05,1e-05,0.999971
"554",1e-05,1e-05,1e-05,0.999971
"555",1e-05,1e-05,1e-05,0.999971
"556",1e-05,1e-05,1e-05,0.99997
"557",1e-05,1e-05,0.010785,0.989195
"558",0.010054,1e-05,1e-05,0.989926
"559",1e-05,1e-05,1e-05,0.99997
"560",0.002011,1.2e-05,1e-05,0.997967
"561",0.005516,1e-05,1e-05,0.994463
"562",1e-05,1e-05,1e-05,0.99997
"563",1e-05,1e-05,1e-05,0.999972
"564",1e-05,1e-05,0.022682,0.977297
"565",0.095994,1e-05,0.004731,0.899265
"566",0.001846,0.001525,0.000647,0.995981
"567",1e-05,1e-05,0.012494,0.987486
"568",0.088978,0.00602,0.025721,0.879282
"569",0.008972,1e-05,1e-05,0.991008
"570",1e-05,1e-05,0.00285,0.99713
"571",1e-05,0.014211,1e-05,0.985769
"572",1e-05,0.007933,1e-05,0.992046
"573",0.001135,0.006782,1e-05,0.992074
"574",1e-05,1e-05,0.028245,0.971736
"575",1e-05,1e-05,1e-05,0.99997
"576",1e-05,1e-05,0.014943,0.985036
"577",1e-05,1e-05,1e-05,0.99997
"578",0.002023,1e-05,1e-05,0.997956
"579",1e-05,1e-05,0.025873,0.974107
"580",1e-05,0.06285,1e-05,0.937131
"581",1e-05,0.013582,1e-05,0.986398
"582",1e-05,1e-05,0.007176,0.992804
"583",1e-05,0.002434,1e-05,0.997546
"584",0.00489,1e-05,0.019454,0.975646
"585",0.008432,1e-05,1e-05,0.991547
"586",0.014385,0.009125,1e-05,0.97648
"587",0.001271,1e-05,0.025402,0.973317
"588",0.28687,0.327943,0.015871,0.369317
"589",0.003256,1e-05,1e-05,0.996724
"590",1e-05,0.013822,1e-05,0.986158
"591",1e-05,1e-05,1e-05,0.999969
"592",1e-05,1.2e-05,1e-05,0.999967
"593",1e-05,1e-05,0.006131,0.993849
"594",1e-05,0.002563,1e-05,0.997416
"595",1e-05,1e-05,0.020222,0.979758
"596",1e-05,0.006771,1e-05,0.993209
"597",1e-05,1e-05,0.007316,0.992664
"598",1e-05,1e-05,0.019785,0.980195
"599",1e-05,0.002364,1e-05,0.997616
"600",1e-05,1e-05,0.016912,0.983069
"601",1e-05,0.005481,1e-05,0.994498
"602",0.001062,0.002039,1e-05,0.996888
"603",1e-05,1e-05,0.008941,0.99104
"604",1e-05,1e-05,0.015143,0.984837
"605",0.006095,1e-05,1e-05,0.993885
"606",1e-05,1e-05,1e-05,0.999969
"607",1e-05,1e-05,1e-05,0.99997
"608",1e-05,1e-05,0.004801,0.995179
"609",0.002493,0.002776,1e-05,0.994721
"610",1e-05,1e-05,1e-05,0.99997
"611",1e-05,1e-05,0.01945,0.98053
"612",1e-05,1e-05,1e-05,0.999971
"613",1e-05,1e-05,0.01219,0.987791
"614",1e-05,1e-05,0.018072,0.981908
"615",1e-05,1e-05,1e-05,0.99997
"616",0.051052,0.005598,0.006357,0.936993
"617",1e-05,1e-05,1e-05,0.99997
"618",1e-05,1e-05,1e-05,0.99997
"619",1e-05,1e-05,0.009068,0.990912
"620",0.002966,0.005696,1e-05,0.991329
"621",0.004012,1e-05,0.024256,0.971723
"622",1e-05,1e-05,0.015418,0.984562
"623",1e-05,0.00857,1e-05,0.991409
"624",1e-05,1e-05,0.008618,0.991361
"625",0.004452,0.001735,1e-05,0.993802
"626",1e-05,1e-05,1e-05,0.99997
"627",0.015787,0.019913,0.00602,0.95828
"628",0.00868,1e-05,1e-05,0.9913
"629",1e-05,1e-05,1e-05,0.999971
"630",1e-05,1e-05,1e-05,0.99997
"631",0.001834,1e-05,1e-05,0.998146
"632",0.005351,1e-05,0.012214,0.982425
"633",1e-05,1e-05,0.02127,0.97871
"634",0.007837,0.002877,1e-05,0.989277
"635",1e-05,1e-05,1e-05,0.99997
"636",1e-05,0.00292,1e-05,0.99706
"637",1e-05,1e-05,0.002167,0.997813
"638",1e-05,0.000105,0.012744,0.987141
"639",1e-05,1e-05,0.018326,0.981653
"640",0.005014,0.000238,1e-05,0.994739
"641",1e-05,1e-05,1e-05,0.99997
"642",0.000697,0.010659,1e-05,0.988634
"643",0.002919,0.011473,1e-05,0.985598
"644",1e-05,0.014447,1e-05,0.985532
"645",0.001635,0.002019,1e-05,0.996337
"646",0.00077,0.00858,1e-05,0.990639
"647",0.006715,1.4e-05,1e-05,0.993262
"648",1e-05,1e-05,0.006932,0.993048
"649",0.000807,1e-05,1e-05,0.999172
"650",1e-05,1e-05,0.00505,0.99493
"651",0.003595,1e-05,1e-05,0.996385
"652",1e-05,1e-05,1e-05,0.99997
"653",1e-05,0.000841,1e-05,0.99914
"654",0.003688,0.002242,1e-05,0.994057
"655",1e-05,1e-05,0.017116,0.982865
"656",1e-05,1e-05,0.000156,0.999824
"657",1e-05,1e-05,1e-05,0.99997
"658",1e-05,1e-05,0.00897,0.99101
"659",0.007637,1e-05,0.019695,0.972658
"660",1e-05,1e-05,1e-05,0.99997
"661",1e-05,1e-05,1e-05,0.999971
"662",0.003215,0.073341,0.000141,0.923303
"663",0.372947,0.460335,0.145715,0.021002
"664",0.002679,0.000513,1e-05,0.996798
"665",1e-05,0.016173,1e-05,0.983807
"666",1e-05,1e-05,0.011721,0.988259
"667",0.000823,1e-05,1e-05,0.999156
"668",1e-05,1e-05,1e-05,0.99997
"669",1e-05,0.005548,0.010067,0.984375
"670",1e-05,0.005184,1e-05,0.994796
"671",0.00366,0.002922,1e-05,0.993409
"672",1e-05,1e-05,1e-05,0.99997
"673",0.004872,0.00031,1e-05,0.994807
"674",1e-05,1e-05,1e-05,0.99997
"675",0.007602,0.004465,1e-05,0.987923
"676",1e-05,1e-05,1e-05,0.999971
"677",1e-05,1e-05,1e-05,0.99997
"678",1e-05,1e-05,0.004623,0.995357
"679",1e-05,0.006327,1e-05,0.993654
"680",1e-05,1e-05,0.005407,0.994574
"681",1e-05,1e-05,1e-05,0.999969
"682",0.001223,1e-05,0.003108,0.995659
"683",0.00661,0.010713,1e-05,0.982668
"684",1e-05,1e-05,1e-05,0.999969
"685",1e-05,0.001018,1e-05,0.998963
"686",1e-05,0.015227,0.016016,0.968746
"687",1e-05,0.006233,1e-05,0.993747
"688",1e-05,1e-05,1e-05,0.99997
"689",1e-05,1e-05,0.003455,0.996526
"690",1e-05,1e-05,0.001342,0.998638
"691",1e-05,0.000366,1e-05,0.999613
"692",0.002378,1e-05,1e-05,0.997603
"693",1e-05,1e-05,0.018978,0.981002
"694",1e-05,1e-05,1e-05,0.99997
"695",0.003351,1e-05,0.001432,0.995207
"696",1e-05,1e-05,1e-05,0.99997
"697",0.000912,1e-05,1e-05,0.999068
"698",1e-05,0.008698,1e-05,0.991283
"699",1e-05,1e-05,1e-05,0.99997
"700",1e-05,0.00368,1e-05,0.9963
"701",0.005525,0.003302,1e-05,0.991162
"702",1e-05,1.1e-05,1e-05,0.999969
"703",1e-05,0.003166,1e-05,0.996813
"704",0.005178,1e-05,0.00276,0.992052
"705",1e-05,0.000487,1e-05,0.999493
"706",0.004204,1e-05,0.000345,0.99544
"707",1e-05,1e-05,0.000805,0.999175
"708",1e-05,0.007188,1e-05,0.992792
"709",1e-05,0.015212,1e-05,0.984768
"710",0.007972,1e-05,0.018381,0.973636
"711",1e-05,1e-05,1e-05,0.99997
"712",1e-05,1e-05,1e-05,0.99997
"713",1e-05,0.010294,1e-05,0.989685
"714",1e-05,1e-05,1e-05,0.999971
"715",1e-05,1e-05,0.022317,0.977664
"716",0.007952,1e-05,1e-05,0.992028
"717",0.000151,0.005614,1e-05,0.994225
"718",1e-05,1e-05,1e-05,0.99997
"719",0.00437,0.003071,1e-05,0.992549
"720",1e-05,1e-05,1e-05,0.99997
"721",1e-05,0.005216,1e-05,0.994765
"722",1e-05,1e-05,1e-05,0.99997
"723",1e-05,0.018749,1e-05,0.98123
"724",1e-05,0.000128,0.002909,0.996953
"725",1e-05,1e-05,1e-05,0.99997
"726",0.005633,1e-05,1e-05,0.994346
"727",1e-05,0.009021,1e-05,0.990958
"728",1e-05,1e-05,1e-05,0.999972
"729",1e-05,0.018909,1e-05,0.981071
"730",1e-05,1e-05,1e-05,0.99997
"731",1e-05,1e-05,0.012268,0.987711
"732",0.00264,1e-05,1e-05,0.997341
"733",1.5e-05,1e-05,0.008458,0.991517
