"","id","sample","numGenotypesPass","numGenotypesNonref","numHomoRef","numHomoAlt","numHet","numHemi","numSNVs","numIndels","numSingletons","numMissing","num_ts","num_tv","ts_tv","SPMCODE","Qsp","stateAbb","MOTHER","percentPass","percentHet"
"MOR0020","FLT0","MOR0020",5847,1553,4294,498,1055,0,1553,0,0,262016,1119,434,2.58,"MOR20","macrocarpa_MN","MN","MN_CRO_15",0.0218283226873439,0.180434410808962
"MOR0023","FLT0","MOR0023",3206,844,2362,265,579,0,844,0,0,264657,620,224,2.77,"MOR23","macrocarpa_OK","OK","OK_MON_17",0.0119688049487985,0.180598877105427
"MOR0039","FLT0","MOR0039",21889,6721,15168,1364,5357,0,6721,0,0,245974,5170,1551,3.33,"MOR39","macrocarpa_IL","IL","IL_MOR_27",0.0817171464517309,0.244734798300516
"MOR0041","FLT0","MOR0041",14201,4179,10022,1079,3100,0,4179,0,0,253662,3122,1057,2.95,"MOR41","macrocarpa_MN","MN","MN_CRO_14",0.0530159073854918,0.218294486303781
"MOR0050","FLT0","MOR0050",17505,5456,12049,1267,4189,0,5456,0,0,250358,4181,1275,3.28,"MOR50","macrocarpa_OK","OK","OK_OLI_20",0.0653505710008474,0.239303056269637
"MOR0064","FLT0","MOR0064",1813,461,1352,161,300,0,461,0,0,266050,341,120,2.84,"MOR064","macrocarpa_MN","MN","MN_COO_18",0.00676838533130742,0.165471594043023
"MOR0066","FLT0","MOR0066",21655,6970,14685,1247,5723,0,6970,0,0,246208,5614,1356,4.14,"MOR66","macrocarpa_OK","OK","OK_EDW_12",0.0808435655540332,0.264280766566613
"MOR0067","FLT0","MOR0067",20827,6815,14012,1000,5815,0,6815,0,0,247036,5208,1607,3.24,"MOR67","macrocarpa_MN","MN","MN_CDR_1",0.0777524331467952,0.279204878282998
"MOR0073","FLT0","MOR0073",239,57,182,37,20,0,57,0,0,267624,41,16,2.56,"MOR73","macrocarpa_IL","IL","IL_MOR_26",0.000892247156195518,0.0836820083682008
"MOR0074","FLT0","MOR0074",5870,1678,4192,517,1161,0,1678,0,0,261993,1296,382,3.39,"MOR74","macrocarpa_OK","OK","OK_DRA_21",0.0219141874764338,0.19778534923339
"MOR0077","FLT0","MOR0077",22300,6878,15422,1360,5518,0,6878,0,0,245563,5319,1559,3.41,"MOR77","macrocarpa_IL","IL","IL_QBP_39",0.0832515129002512,0.247443946188341
"MOR0086","FLT0","MOR0086",1763,456,1307,172,284,0,456,0,0,266100,348,108,3.22,"MOR86","macrocarpa_OK","OK","OK_WOO_7",0.00658172274632928,0.161089052750993
"MOR0090","FLT0","MOR0090",0,0,0,0,0,0,0,0,0,267863,0,0,0,"MOR090","macrocarpa_MN","MN","MN_CAR_9",0,NA
"MOR0092","FLT0","MOR0092",6998,2047,4951,578,1469,0,2047,0,0,260865,1542,505,3.05,"MOR92","macrocarpa_OK","OK","OK_MON_17",0.0261252953935407,0.209917119176908
"MOR0099","FLT0","MOR0099",3879,1101,2778,267,834,0,1101,0,0,263984,832,269,3.09,"MOR99","macrocarpa_OK","OK","OK_EDW_15",0.0144812833426042,0.215003866976025
"MOR0106","FLT0","MOR0106",2748,626,2122,268,358,0,626,0,0,265115,472,154,3.06,"MOR106","macrocarpa_MN","MN","MN_CRO_14",0.0102589756703987,0.130276564774381
"MOR0108","FLT0","MOR0108",3417,891,2526,261,630,0,891,0,0,264446,684,207,3.3,"MOR108","macrocarpa_OK","OK","OK_EDW_14",0.0127565210574062,0.184372256365233
"MOR0115","FLT0","MOR0115",9800,2701,7099,849,1852,0,2701,0,0,258063,2127,574,3.71,"MOR115","macrocarpa_OK","OK","OK_DRA_23",0.0365858666557158,0.188979591836735
"MOR0120","FLT0","MOR0120",25380,7998,17382,1903,6095,0,7998,0,0,242483,6110,1888,3.24,"MOR120","macrocarpa_OK","OK","OK_DRA_26",0.0947499281349048,0.240149724192277
"MOR0126","FLT0","MOR0126",0,0,0,0,0,0,0,0,0,267863,0,0,0,"MOR126","macrocarpa_OK","OK","OK_MON_19",0,NA
"MOR0130","FLT0","MOR0130",100,25,75,16,9,0,25,0,0,267763,19,6,3.17,"MOR130","macrocarpa_OK","OK","OK_DRA_25",0.000373325169956284,0.09
"MOR0153","FLT0","MOR0153",20658,6258,14400,1389,4869,0,6258,0,0,247205,4850,1408,3.44,"MOR153","macrocarpa_IL","IL","IL_QBP_39",0.0771215136095691,0.235695614289863
"MOR0155","FLT0","MOR0155",3677,939,2738,366,573,0,939,0,0,264186,716,223,3.21,"MOR155","macrocarpa_OK","OK","OK_DRA_22",0.0137271664992925,0.155833559967365
"MOR0158","FLT0","MOR0158",23494,7053,16441,1490,5563,0,7053,0,0,244369,5456,1597,3.42,"MOR158","macrocarpa_MN","MN","MN_GEO_49",0.0877090154295293,0.236783859708862
"MOR0159","FLT0","MOR0159",23950,7728,16222,1720,6008,0,7728,0,0,243913,5953,1775,3.35,"MOR159","macrocarpa_OK","OK","OK_EDW_16",0.0894113782045299,0.250855949895616
"MOR0194","FLT0","MOR0194",874,241,633,111,130,0,241,0,0,266989,188,53,3.55,"MOR194","macrocarpa_IL","IL","IL_MOR_26",0.00326286198541792,0.148741418764302
"MOR0196","FLT0","MOR0196",614,123,491,58,65,0,123,0,0,267249,94,29,3.24,"MOR196","macrocarpa_IL","IL","IL_DFP_6",0.00229221654353158,0.10586319218241
"MOR0211","FLT0","MOR0211",59,11,48,5,6,0,11,0,0,267804,7,4,1.75,"MOR211","macrocarpa_MN","MN","MN_CDR_28",0.000220261850274207,0.101694915254237
"MOR0213","FLT0","MOR0213",2828,801,2027,382,419,0,801,0,0,265035,629,172,3.66,"MOR213","macrocarpa_OK","OK","OK_WOO_7",0.0105576358063637,0.148161244695898
"MOR0214","FLT0","MOR0214",65,7,58,4,3,0,7,0,0,267798,7,0,Inf,"MOR214","macrocarpa_MN","MN","MN_CDR_28",0.000242661360471584,0.0461538461538462
"MOR0230","FLT0","MOR0230",2118,459,1659,214,245,0,459,0,0,265745,357,102,3.5,"MOR230","macrocarpa_MN","MN","MN_CRO_15",0.00790702709967409,0.115675165250236
"MOR0233","FLT0","MOR0233",1929,430,1499,195,235,0,430,0,0,265934,351,79,4.44,"MOR233","macrocarpa_MN","MN","MN_COO_18",0.00720144252845671,0.12182477967859
"MOR0243","FLT0","MOR0243",3,0,3,0,0,0,0,0,0,267860,0,0,Inf,"MOR243","macrocarpa_OK","OK","OK_WOO_2",1.11997550986885e-05,0
"MOR0244","FLT0","MOR0244",16,3,13,3,0,0,3,0,0,267847,2,1,2,"MOR244","macrocarpa_IL","IL","IL_DFP_10",5.97320271930054e-05,0
"MOR0268","FLT0","MOR0268",11183,2896,8287,903,1993,0,2896,0,0,256680,2253,643,3.5,"MOR268","macrocarpa_MN","MN","MN_CDR_35",0.0417489537562112,0.178216936421354
"MOR0269","FLT0","MOR0269",23926,7051,16875,1826,5225,0,7051,0,0,243937,5342,1709,3.13,"MOR269","macrocarpa_IL","IL","IL_DFP_10",0.0893217801637404,0.218381676836914
"MOR0275","FLT0","MOR0275",13283,3820,9463,1070,2750,0,3820,0,0,254580,2935,885,3.32,"MOR275","macrocarpa_IL","IL","IL_QBP_37",0.0495887823252932,0.207031544078898
"MOR0277","FLT0","MOR0277",7193,1900,5293,620,1280,0,1900,0,0,260670,1453,447,3.25,"MOR277","macrocarpa_MN","MN","MN_BUN_53",0.0268532794749555,0.177950785485889
"MOR0280","FLT0","MOR0280",181,51,130,17,34,0,51,0,0,267682,35,16,2.19,"MOR280","macrocarpa_IL","IL","IL_MOR_27",0.000675718557620873,0.187845303867403
"MOR0285","FLT0","MOR0285",184,42,142,27,15,0,42,0,0,267679,32,10,3.2,"MOR285","macrocarpa_MN","MN","MN_LOC_55",0.000686918312719562,0.0815217391304348
"MOR0286","FLT0","MOR0286",381,68,313,45,23,0,68,0,0,267482,53,15,3.53,"MOR286","macrocarpa_MN","MN","MN_CAR_9",0.00142236889753344,0.0603674540682415
"MOR0296","FLT0","MOR0296",68,8,60,5,3,0,8,0,0,267795,6,2,3,"MOR296","macrocarpa_MN","MN","MN_GEO_51",0.000253861115570273,0.0441176470588235
"MOR0298","FLT0","MOR0298",26628,8260,18368,2384,5876,0,8260,0,0,241235,6313,1947,3.24,"MOR298","macrocarpa_OK","OK","OK_MON_19",0.0994090262559592,0.220669971458615
"MOR0299","FLT0","MOR0299",24660,7610,17050,2327,5283,0,7610,0,0,243203,5837,1773,3.29,"MOR299","macrocarpa_OK","OK","OK_DRA_22",0.0920619869112195,0.214233576642336
"MOR0322","FLT0","MOR0322",24863,7532,17331,2221,5311,0,7532,0,0,243000,5854,1678,3.49,"MOR322","macrocarpa_OK","OK","OK_JIM_29",0.0928198370062308,0.213610586011342
"MOR0339","FLT0","MOR0339",8,1,7,1,0,0,1,0,0,267855,1,0,Inf,"MOR339","macrocarpa_MN","MN","MN_CAR_8",2.98660135965027e-05,0
"MOR0340","FLT0","MOR0340",24302,7155,17147,1682,5473,0,7155,0,0,243561,5382,1773,3.04,"MOR340","macrocarpa_IL","IL","IL_QBP_37",0.0907254828027761,0.22520780182701
"MOR0352","FLT0","MOR0352",16066,4398,11668,1233,3165,0,4398,0,0,251797,3352,1046,3.2,"MOR352","macrocarpa_MN","MN","MN_LOC_56",0.0599784218051765,0.196999875513507
"MOR0364","FLT0","MOR0364",26181,7962,18219,2234,5728,0,7962,0,0,241682,6213,1749,3.55,"MOR364","macrocarpa_OK","OK","OK_DRA_23",0.0977402627462546,0.21878461479699
"MOR0372","FLT0","MOR0372",4,1,3,0,1,0,1,0,0,267859,1,0,Inf,"MOR372","macrocarpa_IL","IL","IL_MOR_1",1.49330067982513e-05,0.25
"MOR0379","FLT0","MOR0379",1755,433,1322,208,225,0,433,0,0,266108,329,104,3.16,"MOR379","macrocarpa_OK","OK","OK_DRA_26",0.00655185673273278,0.128205128205128
"MOR0390","FLT0","MOR0390",116,32,84,22,10,0,32,0,0,267747,27,5,5.4,"MOR390","macrocarpa_OK","OK","OK_EDW_16",0.000433057197149289,0.0862068965517241
"MOR0405","FLT0","MOR0405",1414,339,1075,210,129,0,339,0,0,266449,255,84,3.04,"MOR405","macrocarpa_OK","OK","OK_WOO_7",0.00527881790318185,0.0912305516265912
"MOR0419","FLT0","MOR0419",22,3,19,2,1,0,3,0,0,267841,3,0,Inf,"MOR419","macrocarpa_MN","MN","MN_BUN_53",8.21315373903824e-05,0.0454545454545455
"MOR0423","FLT0","MOR0423",463,104,359,79,25,0,104,0,0,267400,83,21,3.95,"MOR423","macrocarpa_IL","IL","IL_GFP_19",0.00172849553689759,0.0539956803455724
"MOR0425","FLT0","MOR0425",18,1,17,0,1,0,1,0,0,267845,1,0,Inf,"MOR425","macrocarpa_IL","IL","IL_DFP_6",6.71985305921311e-05,0.0555555555555556
"MOR0432","FLT0","MOR0432",106,14,92,11,3,0,14,0,0,267757,13,1,13,"MOR432","macrocarpa_MN","MN","MN_LOC_56",0.000395724680153661,0.0283018867924528
"MOR0438","FLT0","MOR0438",499,125,374,96,29,0,125,0,0,267364,92,33,2.79,"MOR438","macrocarpa_IL","IL","IL_QBP_42",0.00186289259808186,0.0581162324649299
"MOR0440","FLT0","MOR0440",506,103,403,75,28,0,103,0,0,267357,79,24,3.29,"MOR440","macrocarpa_OK","OK","OK_MON_18",0.0018890253599788,0.0553359683794466
"MOR0446","FLT0","MOR0446",17,2,15,2,0,0,2,0,0,267846,2,0,Inf,"MOR446","macrocarpa_MN","MN","MN_CDR_28",6.34652788925682e-05,0
"MOR0449","FLT0","MOR0449",25875,7617,18258,2110,5507,0,7617,0,0,241988,5632,1985,2.84,"MOR449","macrocarpa_IL","IL","IL_BFP_11",0.0965978877261884,0.212830917874396
"MOR0452","FLT0","MOR0452",10,0,10,0,0,0,0,0,0,267853,0,0,Inf,"MOR452","macrocarpa_IL","IL","IL_MOR_1",3.73325169956284e-05,0
"MOR0453","FLT0","MOR0453",1984,447,1537,225,222,0,447,0,0,265879,336,111,3.03,"MOR453","macrocarpa_MN","MN","MN_CDR_38",0.00740677137193267,0.111895161290323
"MOR0457","FLT0","MOR0457",880,222,658,147,75,0,222,0,0,266983,170,52,3.27,"MOR457","macrocarpa_IL","IL","IL_QBP_40",0.0032852614956153,0.0852272727272727
"MOR0459","FLT0","MOR0459",14460,4244,10216,1411,2833,0,4244,0,0,253403,3254,990,3.29,"MOR459","macrocarpa_OK","OK","OK_OLI_20",0.0539828195756786,0.195919778699862
"MOR0461","FLT0","MOR0461",13,6,7,1,5,0,6,0,0,267850,5,1,5,"MOR461","macrocarpa_MN","MN","MN_LOC_56",4.85322720943169e-05,0.384615384615385
"MOR0465","FLT0","MOR0465",16,3,13,3,0,0,3,0,0,267847,2,1,2,"MOR465","macrocarpa_IL","IL","IL_BFP_13",5.97320271930054e-05,0
"MOR0469","FLT0","MOR0469",11444,3371,8073,1244,2127,0,3371,0,0,256419,2592,779,3.33,"MOR469","macrocarpa_OK","OK","OK_MON_6",0.0427233324497971,0.185861586857742
"MOR0475","FLT0","MOR0475",69,14,55,14,0,0,14,0,0,267794,10,4,2.5,"MOR475","macrocarpa_MN","MN","MN_CAR_8",0.000257594367269836,0
"MOR0477","FLT0","MOR0477",32,8,24,8,0,0,8,0,0,267831,6,2,3,"MOR477","macrocarpa_MN","MN","MN_CDR_1",0.000119464054386011,0
"MOR0480","FLT0","MOR0480",14,5,9,5,0,0,5,0,0,267849,5,0,Inf,"MOR480","macrocarpa_OK","OK","OK_EDW_10",5.22655237938797e-05,0
"MOR0483","FLT0","MOR0483",10791,2950,7841,1125,1825,0,2950,0,0,257072,2285,665,3.44,"MOR483","macrocarpa_OK","OK","OK_DRA_22",0.0402855190899826,0.169122416828839
"MOR0489","FLT0","MOR0489",4664,1165,3499,486,679,0,1165,0,0,263199,900,265,3.4,"MOR489","macrocarpa_MN","MN","MN_GEO_50",0.0174118859267611,0.145583190394511
"MOR0496","FLT0","MOR0496",41,7,34,7,0,0,7,0,0,267822,2,5,0.4,"MOR496","macrocarpa_OK","OK","OK_MON_18",0.000153063319682076,0
"MOR0498","FLT0","MOR0498",14370,3917,10453,1370,2547,0,3917,0,0,253493,2966,951,3.12,"MOR498","macrocarpa_MN","MN","MN_CAR_9",0.053646826922718,0.177244258872651
"MOR0499","FLT0","MOR0499",80,14,66,11,3,0,14,0,0,267783,13,1,13,"MOR499","macrocarpa_MN","MN","MN_GEO_49",0.000298660135965027,0.0375
"MOR0507","FLT0","MOR0507",308,71,237,46,25,0,71,0,0,267555,54,17,3.18,"MOR507","macrocarpa_OK","OK","OK_MON_6",0.00114984152346535,0.0811688311688312
"MOR0509","FLT0","MOR0509",614,148,466,76,72,0,148,0,0,267249,106,42,2.52,"MOR509","macrocarpa_OK","OK","OK_WOO_4",0.00229221654353158,0.117263843648208
"MOR0514","FLT0","MOR0514",46,6,40,5,1,0,6,0,0,267817,6,0,Inf,"MOR514","macrocarpa_OK","OK","OK_MON_18",0.00017172957817989,0.0217391304347826
"MOR0520","FLT0","MOR0520",255,48,207,36,12,0,48,0,0,267608,37,11,3.36,"MOR520","macrocarpa_OK","OK","OK_DRA_22",0.000951979183388523,0.0470588235294118
"MOR0521","FLT0","MOR0521",2641,732,1909,232,500,0,732,0,0,265222,572,160,3.58,"MOR521","macrocarpa_OK","OK","OK_EDW_15",0.00985951773854545,0.189322226429383
"MOR0533","FLT0","MOR0533",67,18,49,7,11,0,18,0,0,267796,13,5,2.6,"MOR533","macrocarpa_OK","OK","OK_DRA_22",0.00025012786387071,0.164179104477612
"MOR0540","FLT0","MOR0540",107,16,91,12,4,0,16,0,0,267756,11,5,2.2,"MOR540","macrocarpa_MN","MN","MN_COO_18",0.000399457931853223,0.0373831775700935
"MOR0543","FLT0","MOR0543",2587,658,1929,257,401,0,658,0,0,265276,464,194,2.39,"MOR543","macrocarpa_IL","IL","IL_GFP_19",0.00965792214676906,0.155005798221879
"MOR0547","FLT0","MOR0547",197,53,144,30,23,0,53,0,0,267666,37,16,2.31,"MOR547","macrocarpa_MN","MN","MN_CDR_1",0.000735450584813879,0.116751269035533
"MOR0557","FLT0","MOR0557",11148,3296,7852,731,2565,0,3296,0,0,256715,2573,723,3.56,"MOR557","macrocarpa_IL","IL","IL_BFP_13",0.0416182899467265,0.230086114101184
"MOR0565","FLT0","MOR0565",95,22,73,11,11,0,22,0,0,267768,10,12,0.83,"MOR565","macrocarpa_OK","OK","OK_EDW_12",0.000354658911458469,0.115789473684211
"MOR0569","FLT0","MOR0569",15843,4894,10949,1175,3719,0,4894,0,0,252020,3629,1265,2.87,"MOR569","macrocarpa_OK","OK","OK_DRA_24",0.059145906676174,0.234740895032506
"MOR0590","FLT0","MOR0590",227,54,173,35,19,0,54,0,0,267636,42,12,3.5,"MOR590","macrocarpa_MN","MN","MN_CAR_8",0.000847448135800764,0.0837004405286344
"MOR0601","FLT0","MOR0601",6166,1713,4453,396,1317,0,1713,0,0,261697,1324,389,3.4,"MOR601","macrocarpa_IL","IL","IL_LW_637",0.0230192299795044,0.213590658449562
"MOR0603","FLT0","MOR0603",66,11,55,8,3,0,11,0,0,267797,6,5,1.2,"MOR603","macrocarpa_MN","MN","MN_CDR_84",0.000246394612171147,0.0454545454545455
"MOR0607","FLT0","MOR0607",22566,7049,15517,1813,5236,0,7049,0,0,245297,5321,1728,3.08,"MOR607","macrocarpa_OK","OK","OK_SP_9",0.084244557852335,0.232030488345298
"MOR0613","FLT0","MOR0613",1251,277,974,100,177,0,277,0,0,266612,211,66,3.2,"MOR613","macrocarpa_IL","IL","IL_LW_632",0.00467029787615311,0.141486810551559
"MOR0628","FLT0","MOR0628",9024,2509,6515,599,1910,0,2509,0,0,258839,1927,582,3.31,"MOR628","macrocarpa_MN","MN","MN_RSP_92",0.033688863336855,0.21165780141844
"MOR0634","FLT0","MOR0634",2895,714,2181,232,482,0,714,0,0,264968,515,199,2.59,"MOR634","macrocarpa_MN","MN","MN_MRV_3",0.0108077636702344,0.166493955094991
"MOR0644","FLT0","MOR0644",10737,3164,7573,783,2381,0,3164,0,0,257126,2361,803,2.94,"MOR644","macrocarpa_MN","MN","MN_MRV_3",0.0400839234982062,0.221756542795939
"MOR0647","FLT0","MOR0647",772,180,592,76,104,0,180,0,0,267091,133,47,2.83,"MOR647","macrocarpa_OK","OK","OK_BS_1",0.00288207031206251,0.134715025906736
"MOR0652","FLT0","MOR0652",1005,177,828,88,89,0,177,0,0,266858,135,42,3.21,"MOR652","macrocarpa_OK","OK","OK_MSP_1",0.00375191795806065,0.0885572139303483
"MOR0656","FLT0","MOR0656",648,138,510,61,77,0,138,0,0,267215,103,35,2.94,"MOR656","macrocarpa_OK","OK","OK_SP_11",0.00241914710131672,0.118827160493827
"MOR0662","FLT0","MOR0662",303,65,238,40,25,0,65,0,0,267560,50,15,3.33,"MOR662","macrocarpa_MN","MN","MN_CDR_94",0.00113117526496754,0.0825082508250825
"MOR0667","FLT0","MOR0667",343,73,270,48,25,0,73,0,0,267520,55,18,3.06,"MOR667","macrocarpa_OK","OK","OK_SP_12",0.00128050533295005,0.0728862973760933
"MOR0668","FLT0","MOR0668",1014,265,749,134,131,0,265,0,0,266849,200,65,3.08,"MOR668","macrocarpa_IL","IL","IL_SN_2414",0.00378551722335672,0.129191321499014
"MOR0673","FLT0","MOR0673",11667,3680,7987,777,2903,0,3680,0,0,256196,2745,935,2.94,"MOR673","macrocarpa_OK","OK","OK_EP_12",0.0435558475787996,0.248821462243936
"MOR0675","FLT0","MOR0675",22734,7129,15605,1321,5808,0,7129,0,0,245129,5273,1856,2.84,"MOR675","macrocarpa_MN","MN","MN_MRV_1",0.0848717441378615,0.255476378991818
"MOR0677","FLT0","MOR0677",18315,5738,12577,1066,4672,0,5738,0,0,249548,4454,1284,3.47,"MOR677","macrocarpa_IL","IL","IL_LW_650",0.0683745048774933,0.255091455091455
"MOR0692","FLT0","MOR0692",1221,307,914,125,182,0,307,0,0,266642,225,82,2.74,"MOR692","macrocarpa_OK","OK","OK_LP_1",0.00455830032516622,0.149058149058149
"MOR0709","FLT0","MOR0709",20087,5452,14635,1987,3465,0,5452,0,0,247776,4138,1314,3.15,"MOR709","macrocarpa_OK","OK","OK_BS_1",0.0749898268891187,0.172499626624185
"MOR0717","FLT0","MOR0717",19512,5670,13842,1449,4221,0,5670,0,0,248351,4311,1359,3.17,"MOR717","macrocarpa_IL","IL","IL_SN_2416",0.0728432071618701,0.216328413284133
"MOR0721","FLT0","MOR0721",14082,3803,10279,1125,2678,0,3803,0,0,253781,2918,885,3.3,"MOR721","macrocarpa_IL","IL","IL_PSN_2",0.0525716504332439,0.190171850589405
"MOR0722","FLT0","MOR0722",485,103,382,80,23,0,103,0,0,267378,64,39,1.64,"MOR722","macrocarpa_OK","OK","OK_LH_1",0.00181062707428798,0.0474226804123711
"MOR0724","FLT0","MOR0724",8091,2053,6038,684,1369,0,2053,0,0,259772,1586,467,3.4,"MOR724","macrocarpa_OK","OK","OK_BLK_121",0.0302057395011629,0.169200346063527
"MOR0726","FLT0","MOR0726",19815,5988,13827,1741,4247,0,5988,0,0,248048,4507,1481,3.04,"MOR726","macrocarpa_OK","OK","OK_LP_2",0.0739743824268376,0.214332576331062
"MOR0733","FLT0","MOR0733",24077,6940,17137,1703,5237,0,6940,0,0,243786,5231,1709,3.06,"MOR733","macrocarpa_MN","MN","MN_DAV_82",0.0898855011703744,0.217510487186942
"MOR0735","FLT0","MOR0735",53,13,40,13,0,0,13,0,0,267810,8,5,1.6,"MOR735","macrocarpa_MN","MN","MN_CDR_87",0.00019786234007683,0
"MOR0736","FLT0","MOR0736",1,0,1,0,0,0,0,0,0,267862,0,0,Inf,"MOR736","macrocarpa_OK","OK","OK_BS_1",3.73325169956284e-06,0
"MOR0737","FLT0","MOR0737",1512,344,1168,214,130,0,344,0,0,266351,271,73,3.71,"MOR737","macrocarpa_OK","OK","OK_SP_9",0.00564467656973901,0.085978835978836
"MOR0748","FLT0","MOR0748",540,129,411,96,33,0,129,0,0,267323,91,38,2.39,"MOR748","macrocarpa_OK","OK","OK_CA_2",0.00201595591776393,0.0611111111111111
"MOR0753","FLT0","MOR0753",20495,5921,14574,1468,4453,0,5921,0,0,247368,4313,1608,2.68,"MOR753","macrocarpa_IL","IL","IL_LW_632",0.0765129935825403,0.217272505489144
"MOR0765","FLT0","MOR0765",59,2,57,2,0,0,2,0,0,267804,2,0,Inf,"MOR765","macrocarpa_MN","MN","MN_DAV_100",0.000220261850274207,0
"MOR0768","FLT0","MOR0768",0,0,0,0,0,0,0,0,0,267863,0,0,0,"MOR768","macrocarpa_OK","OK","OK_MSP_1",0,NA
"MOR0797","FLT0","MOR0797",11901,3149,8752,1046,2103,0,3149,0,0,255962,2369,780,3.04,"MOR797","macrocarpa_MN","MN","MN_RSP_91",0.0444294284764973,0.176707839677338
"MOR0800","FLT0","MOR0800",64,6,58,6,0,0,6,0,0,267799,6,0,Inf,"MOR800","macrocarpa_IL","IL","IL_LW_650",0.000238928108772022,0
"MOR0801","FLT0","MOR0801",10034,2598,7436,879,1719,0,2598,0,0,257829,2043,555,3.68,"MOR801","macrocarpa_IL","IL","IL_LW_637",0.0374594475534135,0.171317520430536
"MOR0812","FLT0","MOR0812",26087,6989,19098,2542,4447,0,6989,0,0,241776,5323,1666,3.2,"MOR812","macrocarpa_OK","OK","OK_BS_1",0.0973893370864957,0.170468049219918
"MOR0821","FLT0","MOR0821",16,7,9,7,0,0,7,0,0,267847,5,2,2.5,"MOR821","macrocarpa_MN","MN","MN_RSP_94",5.97320271930054e-05,0
"MOR0822","FLT0","MOR0822",0,0,0,0,0,0,0,0,0,267863,0,0,0,"MOR822","macrocarpa_IL","IL","IL_LW_650",0,NA
"MOR0823","FLT0","MOR0823",6484,1538,4946,633,905,0,1538,0,0,261379,1175,363,3.24,"MOR823","macrocarpa_IL","IL","IL_SN_2414",0.0242064040199654,0.139574336829118
"MOR0824","FLT0","MOR0824",47,7,40,6,1,0,7,0,0,267816,6,1,6,"MOR824","macrocarpa_OK","OK","OK_SP_1",0.000175462829879453,0.0212765957446809
"MOR0831","FLT0","MOR0831",0,0,0,0,0,0,0,0,0,267863,0,0,0,"MOR831","macrocarpa_MN","MN","MN_RSP_95",0,NA
"MOR0836","FLT0","MOR0836",0,0,0,0,0,0,0,0,0,267863,0,0,0,"MOR836","macrocarpa_OK","OK","OK_LH_1",0,NA
"MOR0840","FLT0","MOR0840",0,0,0,0,0,0,0,0,0,267863,0,0,0,"MOR840","macrocarpa_OK","OK","OK_SG_1",0,NA
"MOR0841","FLT0","MOR0841",0,0,0,0,0,0,0,0,0,267863,0,0,0,"MOR841","macrocarpa_MN","MN","MN_CDR_87",0,NA
"MOR0844","FLT0","MOR0844",13007,3479,9528,1068,2411,0,3479,0,0,254856,2648,831,3.19,"MOR844","macrocarpa_IL","IL","IL_LW_653",0.0485584048562138,0.185361728300146
"MOR0846","FLT0","MOR0846",0,0,0,0,0,0,0,0,0,267863,0,0,0,"MOR846","macrocarpa_MN","MN","MN_CDR_87",0,NA
"MOR0848","FLT0","MOR0848",51,5,46,4,1,0,5,0,0,267812,4,1,4,"MOR848","macrocarpa_OK","OK","OK_WAC_1",0.000190395836677705,0.0196078431372549
"MOR0849","FLT0","MOR0849",16917,4663,12254,1205,3458,0,4663,0,0,250946,3662,1001,3.66,"MOR849","macrocarpa_IL","IL","IL_SN_2416",0.0631554190015045,0.204409765324821
"MOR0862","FLT0","MOR0862",0,0,0,0,0,0,0,0,0,267863,0,0,0,"MOR862","macrocarpa_MN","MN","MN_CDR_84",0,NA
"MOR0864","FLT0","MOR0864",46,11,35,10,1,0,11,0,0,267817,10,1,10,"MOR864","macrocarpa_OK","OK","OK_MSP_1",0.00017172957817989,0.0217391304347826
"MOR0869","FLT0","MOR0869",6380,1621,4759,719,902,0,1621,0,0,261483,1259,362,3.48,"MOR869","macrocarpa_OK","OK","OK_SP_10",0.0238181458432109,0.141379310344828
"MOR0882","FLT0","MOR0882",17237,5044,12193,1332,3712,0,5044,0,0,250626,3717,1327,2.8,"MOR882","macrocarpa_IL","IL","IL_SN_2416",0.0643500595453646,0.215350699077566
"MOR0888","FLT0","MOR0888",46,5,41,1,4,0,5,0,0,267817,5,0,Inf,"MOR888","macrocarpa_OK","OK","OK_BS_1",0.00017172957817989,0.0869565217391304
"MOR0904","FLT0","MOR0904",15758,4698,11060,1219,3479,0,4698,0,0,252105,3455,1243,2.78,"MOR904","macrocarpa_IL","IL","IL_LW_641",0.0588285802817112,0.220776748318315
"MOR0912","FLT0","MOR0912",265,59,206,51,8,0,59,0,0,267598,46,13,3.54,"MOR912","macrocarpa_MN","MN","MN_CDR_87",0.000989311700384152,0.030188679245283
"MOR0925","FLT0","MOR0925",17822,5449,12373,913,4536,0,5449,0,0,250041,4452,997,4.47,"MOR925","macrocarpa_IL","IL","IL_SN_2411",0.0665340117896089,0.25451688923802
"MOR0926","FLT0","MOR0926",17025,4767,12258,1140,3627,0,4767,0,0,250838,3733,1034,3.61,"MOR926","macrocarpa_MN","MN","MN_AQU_99",0.0635586101850573,0.213039647577093
"MOR0931","FLT0","MOR0931",0,0,0,0,0,0,0,0,0,267863,0,0,0,"MOR931","macrocarpa_IL","IL","IL_LW_634",0,NA
"MOR0937","FLT0","MOR0937",18192,5134,13058,1237,3897,0,5134,0,0,249671,4035,1099,3.67,"MOR937","macrocarpa_IL","IL","IL_SN_2413",0.0679153149184471,0.214215039577836
"MOR0970","FLT0","MOR0970",20377,6035,14342,1330,4705,0,6035,0,0,247486,4867,1168,4.17,"MOR970","macrocarpa_MN","MN","MN_CDR_88",0.0760724698819919,0.230897580605585
"MOR0977","FLT0","MOR0977",21526,6218,15308,1611,4607,0,6218,0,0,246337,4766,1452,3.28,"MOR977","macrocarpa_MN","MN","MN_RSP_94",0.0803619760847896,0.214020254575862
"MOR0995","FLT0","MOR0995",21982,6255,15727,2312,3943,0,6255,0,0,245881,4804,1451,3.31,"MOR995","macrocarpa_IL","IL","IL_LW_641",0.0820643388597903,0.179374033299973
