"","plateID","well","sampleID","Volume.(uL).Required:.20uL","Concentration.(ng/uL)","Organism","Barcode.Set.Name","Barcode.Index.(es)","cleanID"
"MOR0001","Morton1","A1","MOR1",NA,NA,NA,NA,NA,"MOR0001"
"MOR0004","Morton1","A2","MOR4",NA,NA,NA,NA,NA,"MOR0004"
"MOR0005","Morton1","A3","MOR5",NA,NA,NA,NA,NA,"MOR0005"
"MOR0006","Morton1","A4","MOR6",NA,NA,NA,NA,NA,"MOR0006"
"MOR0007","Morton1","A5","MOR7",NA,NA,NA,NA,NA,"MOR0007"
"MOR0008","Morton1","A6","MOR8",NA,NA,NA,NA,NA,"MOR0008"
"MOR0009","Morton1","A7","MOR9",NA,NA,NA,NA,NA,"MOR0009"
"MOR0010","Morton1","A8","MOR10",NA,NA,NA,NA,NA,"MOR0010"
"MOR0012","Morton1","A9","MOR12",NA,NA,NA,NA,NA,"MOR0012"
"MOR0013","Morton1","A10","MOR13",NA,NA,NA,NA,NA,"MOR0013"
"MOR0014","Morton1","A11","MOR14",NA,NA,NA,NA,NA,"MOR0014"
"MOR0015","Morton1","A12","MOR15",NA,NA,NA,NA,NA,"MOR0015"
"MOR0016","Morton1","B1","MOR16",NA,NA,NA,NA,NA,"MOR0016"
"MOR0017","Morton1","B2","MOR17",NA,NA,NA,NA,NA,"MOR0017"
"MOR0018","Morton1","B3","MOR18",NA,NA,NA,NA,NA,"MOR0018"
"MOR0019","Morton1","B4","MOR19",NA,NA,NA,NA,NA,"MOR0019"
"MOR0020","Morton1","B5","MOR20",NA,NA,NA,NA,NA,"MOR0020"
"MOR0021","Morton1","B6","MOR21",NA,NA,NA,NA,NA,"MOR0021"
"MOR0022","Morton1","B7","MOR22",NA,NA,NA,NA,NA,"MOR0022"
"MOR0023","Morton1","B8","MOR23",NA,NA,NA,NA,NA,"MOR0023"
"MOR0024","Morton1","B9","MOR24",NA,NA,NA,NA,NA,"MOR0024"
"MOR0025","Morton1","B10","MOR25",NA,NA,NA,NA,NA,"MOR0025"
"MOR0027","Morton1","B11","MOR27",NA,NA,NA,NA,NA,"MOR0027"
"MOR0029","Morton1","B12","MOR29",NA,NA,NA,NA,NA,"MOR0029"
"MOR0030","Morton1","C1","MOR30",NA,NA,NA,NA,NA,"MOR0030"
"MOR0031","Morton1","C2","MOR31",NA,NA,NA,NA,NA,"MOR0031"
"MOR0032","Morton1","C3","MOR32",NA,NA,NA,NA,NA,"MOR0032"
"MOR0033","Morton1","C4","MOR33",NA,NA,NA,NA,NA,"MOR0033"
"MOR0034","Morton1","C5","MOR34",NA,NA,NA,NA,NA,"MOR0034"
"MOR0035","Morton1","C6","MOR35",NA,NA,NA,NA,NA,"MOR0035"
"MOR0036","Morton1","C7","MOR36",NA,NA,NA,NA,NA,"MOR0036"
"MOR0037","Morton1","C8","MOR37",NA,NA,NA,NA,NA,"MOR0037"
"MOR0038","Morton1","C9","MOR38",NA,NA,NA,NA,NA,"MOR0038"
"MOR0039","Morton1","C10","MOR39",NA,NA,NA,NA,NA,"MOR0039"
"MOR0040","Morton1","C11","MOR40",NA,NA,NA,NA,NA,"MOR0040"
"MOR0041","Morton1","C12","MOR41",NA,NA,NA,NA,NA,"MOR0041"
"MOR0042","Morton1","D1","MOR42",NA,NA,NA,NA,NA,"MOR0042"
"MOR0043","Morton1","D2","MOR43",NA,NA,NA,NA,NA,"MOR0043"
"MOR0044","Morton1","D3","MOR44",NA,NA,NA,NA,NA,"MOR0044"
"MOR0045","Morton1","D4","MOR45",NA,NA,NA,NA,NA,"MOR0045"
"MOR0046","Morton1","D5","MOR46",NA,NA,NA,NA,NA,"MOR0046"
"MOR0047","Morton1","D6","MOR47",NA,NA,NA,NA,NA,"MOR0047"
"MOR0048","Morton1","D7","MOR48",NA,NA,NA,NA,NA,"MOR0048"
"MOR0049","Morton1","D8","MOR49",NA,NA,NA,NA,NA,"MOR0049"
"MOR0050","Morton1","D9","MOR50",NA,NA,NA,NA,NA,"MOR0050"
"MOR0051","Morton1","D10","MOR51",NA,NA,NA,NA,NA,"MOR0051"
"MOR0052","Morton1","D11","MOR52",NA,NA,NA,NA,NA,"MOR0052"
"MOR0053","Morton1","D12","MOR53",NA,NA,NA,NA,NA,"MOR0053"
"MOR0054","Morton1","E1","MOR54",NA,NA,NA,NA,NA,"MOR0054"
"MOR0055","Morton1","E2","MOR55",NA,NA,NA,NA,NA,"MOR0055"
"MOR0056","Morton1","E3","MOR56",NA,NA,NA,NA,NA,"MOR0056"
"MOR0057","Morton1","E4","MOR57",NA,NA,NA,NA,NA,"MOR0057"
"MOR0058","Morton1","E5","MOR58",NA,NA,NA,NA,NA,"MOR0058"
"MOR0060","Morton1","E6","MOR60",NA,NA,NA,NA,NA,"MOR0060"
"MOR0061","Morton1","E7","MOR61",NA,NA,NA,NA,NA,"MOR0061"
"MOR0062","Morton1","E8","MOR62",NA,NA,NA,NA,NA,"MOR0062"
"MOR0063","Morton1","E9","MOR63",NA,NA,NA,NA,NA,"MOR0063"
"MOR0064","Morton1","E10","MOR64",NA,NA,NA,NA,NA,"MOR0064"
"MOR0065","Morton1","E11","MOR65",NA,NA,NA,NA,NA,"MOR0065"
"MOR0066","Morton1","E12","MOR66",NA,NA,NA,NA,NA,"MOR0066"
"MOR0067","Morton1","F1","MOR67",NA,NA,NA,NA,NA,"MOR0067"
"MOR0068","Morton1","F2","MOR68",NA,NA,NA,NA,NA,"MOR0068"
"MOR0069","Morton1","F3","MOR69",NA,NA,NA,NA,NA,"MOR0069"
"MOR0070","Morton1","F4","MOR70",NA,NA,NA,NA,NA,"MOR0070"
"MOR0071","Morton1","F5","MOR71",NA,NA,NA,NA,NA,"MOR0071"
"MOR0073","Morton1","F6","MOR73",NA,NA,NA,NA,NA,"MOR0073"
"MOR0074","Morton1","F7","MOR74",NA,NA,NA,NA,NA,"MOR0074"
"MOR0075","Morton1","F8","MOR75",NA,NA,NA,NA,NA,"MOR0075"
"MOR0076","Morton1","F9","MOR76",NA,NA,NA,NA,NA,"MOR0076"
"MOR0077","Morton1","F10","MOR77",NA,NA,NA,NA,NA,"MOR0077"
"MOR0078","Morton1","F11","MOR78",NA,NA,NA,NA,NA,"MOR0078"
"MOR0079","Morton1","F12","MOR79",NA,NA,NA,NA,NA,"MOR0079"
"MOR0080","Morton1","G1","MOR80",NA,NA,NA,NA,NA,"MOR0080"
"MOR0081","Morton1","G2","MOR81",NA,NA,NA,NA,NA,"MOR0081"
"MOR0082","Morton1","G3","MOR82",NA,NA,NA,NA,NA,"MOR0082"
"MOR0083","Morton1","G4","MOR83",NA,NA,NA,NA,NA,"MOR0083"
"MOR0084","Morton1","G5","MOR84",NA,NA,NA,NA,NA,"MOR0084"
"MOR0085","Morton1","G6","MOR85",NA,NA,NA,NA,NA,"MOR0085"
"MOR0086","Morton1","G7","MOR86",NA,NA,NA,NA,NA,"MOR0086"
"MOR0087","Morton1","G8","MOR87",NA,NA,NA,NA,NA,"MOR0087"
"MOR0088","Morton1","G9","MOR88",NA,NA,NA,NA,NA,"MOR0088"
"MOR0089","Morton1","G10","MOR89",NA,NA,NA,NA,NA,"MOR0089"
"MOR0090","Morton1","G11","MOR90",NA,NA,NA,NA,NA,"MOR0090"
"MOR0091","Morton1","G12","MOR91",NA,NA,NA,NA,NA,"MOR0091"
"MOR0092","Morton1","H1","MOR92",NA,NA,NA,NA,NA,"MOR0092"
"MOR0093","Morton1","H2","MOR93",NA,NA,NA,NA,NA,"MOR0093"
"MOR0094","Morton1","H3","MOR94",NA,NA,NA,NA,NA,"MOR0094"
"MOR0095","Morton1","H4","MOR95",NA,NA,NA,NA,NA,"MOR0095"
"MOR0096","Morton1","H5","MOR96",NA,NA,NA,NA,NA,"MOR0096"
"MOR0097","Morton1","H6","MOR97",NA,NA,NA,NA,NA,"MOR0097"
"MOR0098","Morton1","H7","MOR98",NA,NA,NA,NA,NA,"MOR0098"
"MOR0099","Morton1","H8","MOR99",NA,NA,NA,NA,NA,"MOR0099"
"MOR0100","Morton1","H9","MOR100",NA,NA,NA,NA,NA,"MOR0100"
"MOR0102","Morton1","H10","MOR102",NA,NA,NA,NA,NA,"MOR0102"
"MOR0103","Morton1","H11","MOR103",NA,NA,NA,NA,NA,"MOR0103"
"MOR0104","Morton2","A1","MOR104",NA,NA,NA,NA,NA,"MOR0104"
"MOR0105","Morton2","A2","MOR105",NA,NA,NA,NA,NA,"MOR0105"
"MOR0106","Morton2","A3","MOR106",NA,NA,NA,NA,NA,"MOR0106"
"MOR0107","Morton2","A4","MOR107",NA,NA,NA,NA,NA,"MOR0107"
"MOR0108","Morton2","A5","MOR108",NA,NA,NA,NA,NA,"MOR0108"
"MOR0109","Morton2","A6","MOR109",NA,NA,NA,NA,NA,"MOR0109"
"MOR0110","Morton2","A7","MOR110",NA,NA,NA,NA,NA,"MOR0110"
"MOR0111","Morton2","A8","MOR111",NA,NA,NA,NA,NA,"MOR0111"
"MOR0112","Morton2","A9","MOR112",NA,NA,NA,NA,NA,"MOR0112"
"MOR0113","Morton2","A10","MOR113",NA,NA,NA,NA,NA,"MOR0113"
"MOR0114","Morton2","A11","MOR114",NA,NA,NA,NA,NA,"MOR0114"
"MOR0115","Morton2","A12","MOR115",NA,NA,NA,NA,NA,"MOR0115"
"MOR0116","Morton2","B1","MOR116",NA,NA,NA,NA,NA,"MOR0116"
"MOR0117","Morton2","B2","MOR117",NA,NA,NA,NA,NA,"MOR0117"
"MOR0118","Morton2","B3","MOR118",NA,NA,NA,NA,NA,"MOR0118"
"MOR0119","Morton2","B4","MOR119",NA,NA,NA,NA,NA,"MOR0119"
"MOR0120","Morton2","B5","MOR120",NA,NA,NA,NA,NA,"MOR0120"
"MOR0121","Morton2","B6","MOR121",NA,NA,NA,NA,NA,"MOR0121"
"MOR0122","Morton2","B7","MOR122",NA,NA,NA,NA,NA,"MOR0122"
"MOR0123","Morton2","B8","MOR123",NA,NA,NA,NA,NA,"MOR0123"
"MOR0124","Morton2","B9","MOR124",NA,NA,NA,NA,NA,"MOR0124"
"MOR0125","Morton2","B10","MOR125",NA,NA,NA,NA,NA,"MOR0125"
"MOR0126","Morton2","B11","MOR126",NA,NA,NA,NA,NA,"MOR0126"
"MOR0127","Morton2","B12","MOR127",NA,NA,NA,NA,NA,"MOR0127"
"MOR0128","Morton2","C1","MOR128",NA,NA,NA,NA,NA,"MOR0128"
"MOR0129","Morton2","C2","MOR129",NA,NA,NA,NA,NA,"MOR0129"
"MOR0130","Morton2","C3","MOR130",NA,NA,NA,NA,NA,"MOR0130"
"MOR0131","Morton2","C4","MOR131",NA,NA,NA,NA,NA,"MOR0131"
"MOR0132","Morton2","C5","MOR132",NA,NA,NA,NA,NA,"MOR0132"
"MOR0133","Morton2","C6","MOR133",NA,NA,NA,NA,NA,"MOR0133"
"MOR0134","Morton2","C7","MOR134",NA,NA,NA,NA,NA,"MOR0134"
"MOR0136","Morton2","C8","MOR136",NA,NA,NA,NA,NA,"MOR0136"
"MOR0137","Morton2","C9","MOR137",NA,NA,NA,NA,NA,"MOR0137"
"MOR0138","Morton2","C10","MOR138",NA,NA,NA,NA,NA,"MOR0138"
"MOR0139","Morton2","C11","MOR139",NA,NA,NA,NA,NA,"MOR0139"
"MOR0140","Morton2","C12","MOR140",NA,NA,NA,NA,NA,"MOR0140"
"MOR0141","Morton2","D1","MOR141",NA,NA,NA,NA,NA,"MOR0141"
"MOR0142","Morton2","D2","MOR142",NA,NA,NA,NA,NA,"MOR0142"
"MOR0143","Morton2","D3","MOR143",NA,NA,NA,NA,NA,"MOR0143"
"MOR0144","Morton2","D4","MOR144",NA,NA,NA,NA,NA,"MOR0144"
"MOR0145","Morton2","D5","MOR145",NA,NA,NA,NA,NA,"MOR0145"
"MOR0146","Morton2","D6","MOR146",NA,NA,NA,NA,NA,"MOR0146"
"MOR0147","Morton2","D7","MOR147",NA,NA,NA,NA,NA,"MOR0147"
"MOR0148","Morton2","D8","MOR148",NA,NA,NA,NA,NA,"MOR0148"
"MOR0149","Morton2","D9","MOR149",NA,NA,NA,NA,NA,"MOR0149"
"MOR0150","Morton2","D10","MOR150",NA,NA,NA,NA,NA,"MOR0150"
"MOR0151","Morton2","D11","MOR151",NA,NA,NA,NA,NA,"MOR0151"
"MOR0152","Morton2","D12","MOR152",NA,NA,NA,NA,NA,"MOR0152"
"MOR0153","Morton2","E1","MOR153",NA,NA,NA,NA,NA,"MOR0153"
"MOR0154","Morton2","E2","MOR154",NA,NA,NA,NA,NA,"MOR0154"
"MOR0155","Morton2","E3","MOR155",NA,NA,NA,NA,NA,"MOR0155"
"MOR0156","Morton2","E4","MOR156",NA,NA,NA,NA,NA,"MOR0156"
"MOR0157","Morton2","E5","MOR157",NA,NA,NA,NA,NA,"MOR0157"
"MOR0158","Morton2","E6","MOR158",NA,NA,NA,NA,NA,"MOR0158"
"MOR0159","Morton2","E7","MOR159",NA,NA,NA,NA,NA,"MOR0159"
"MOR0160","Morton2","E8","MOR160",NA,NA,NA,NA,NA,"MOR0160"
"MOR0161","Morton2","E9","MOR161",NA,NA,NA,NA,NA,"MOR0161"
"MOR0162","Morton2","E10","MOR162",NA,NA,NA,NA,NA,"MOR0162"
"MOR0163","Morton2","E11","MOR163",NA,NA,NA,NA,NA,"MOR0163"
"MOR0164","Morton2","E12","MOR164",NA,NA,NA,NA,NA,"MOR0164"
"MOR0165","Morton2","F1","MOR165",NA,NA,NA,NA,NA,"MOR0165"
"MOR0166","Morton2","F2","MOR166",NA,NA,NA,NA,NA,"MOR0166"
"MOR0167","Morton2","F3","MOR167",NA,NA,NA,NA,NA,"MOR0167"
"MOR0169","Morton2","F4","MOR169",NA,NA,NA,NA,NA,"MOR0169"
"MOR0170","Morton2","F5","MOR170",NA,NA,NA,NA,NA,"MOR0170"
"MOR0171","Morton2","F6","MOR171",NA,NA,NA,NA,NA,"MOR0171"
"MOR0172","Morton2","F7","MOR172",NA,NA,NA,NA,NA,"MOR0172"
"MOR0173","Morton2","F8","MOR173",NA,NA,NA,NA,NA,"MOR0173"
"MOR0174","Morton2","F9","MOR174",NA,NA,NA,NA,NA,"MOR0174"
"MOR0175","Morton2","F10","MOR175",NA,NA,NA,NA,NA,"MOR0175"
"MOR0176","Morton2","F11","MOR176",NA,NA,NA,NA,NA,"MOR0176"
"MOR0177","Morton2","F12","MOR177",NA,NA,NA,NA,NA,"MOR0177"
"MOR0178","Morton2","G1","MOR178",NA,NA,NA,NA,NA,"MOR0178"
"MOR0179","Morton2","G2","MOR179",NA,NA,NA,NA,NA,"MOR0179"
"MOR0180","Morton2","G3","MOR180",NA,NA,NA,NA,NA,"MOR0180"
"MOR0181","Morton2","G4","MOR181",NA,NA,NA,NA,NA,"MOR0181"
"MOR0182","Morton2","G5","MOR182",NA,NA,NA,NA,NA,"MOR0182"
"MOR0184","Morton2","G6","MOR184",NA,NA,NA,NA,NA,"MOR0184"
"MOR0185","Morton2","G7","MOR185",NA,NA,NA,NA,NA,"MOR0185"
"MOR0186","Morton2","G8","MOR186",NA,NA,NA,NA,NA,"MOR0186"
"MOR0187","Morton2","G9","MOR187",NA,NA,NA,NA,NA,"MOR0187"
"MOR0189","Morton2","G10","MOR189",NA,NA,NA,NA,NA,"MOR0189"
"MOR0190","Morton2","G11","MOR190",NA,NA,NA,NA,NA,"MOR0190"
"MOR0191","Morton2","G12","MOR191",NA,NA,NA,NA,NA,"MOR0191"
"MOR0192","Morton2","H1","MOR192",NA,NA,NA,NA,NA,"MOR0192"
"MOR0193","Morton2","H2","MOR193",NA,NA,NA,NA,NA,"MOR0193"
"MOR0194","Morton2","H3","MOR194",NA,NA,NA,NA,NA,"MOR0194"
"MOR0195","Morton2","H4","MOR195",NA,NA,NA,NA,NA,"MOR0195"
"MOR0196","Morton2","H5","MOR196",NA,NA,NA,NA,NA,"MOR0196"
"MOR0197","Morton2","H6","MOR197",NA,NA,NA,NA,NA,"MOR0197"
"MOR0198","Morton2","H7","MOR198",NA,NA,NA,NA,NA,"MOR0198"
"MOR0199","Morton2","H8","MOR199",NA,NA,NA,NA,NA,"MOR0199"
"MOR0200","Morton2","H9","MOR200",NA,NA,NA,NA,NA,"MOR0200"
"MOR0201","Morton2","H10","MOR201",NA,NA,NA,NA,NA,"MOR0201"
"MOR0202","Morton2","H11","MOR202",NA,NA,NA,NA,NA,"MOR0202"
"MOR0203","Morton3","A1","MOR203",NA,NA,NA,NA,NA,"MOR0203"
"MOR0204","Morton3","A2","MOR204",NA,NA,NA,NA,NA,"MOR0204"
"MOR0205","Morton3","A3","MOR205",NA,NA,NA,NA,NA,"MOR0205"
"MOR0207","Morton3","A4","MOR207",NA,NA,NA,NA,NA,"MOR0207"
"MOR0208","Morton3","A5","MOR208",NA,NA,NA,NA,NA,"MOR0208"
"MOR0209","Morton3","A6","MOR209",NA,NA,NA,NA,NA,"MOR0209"
"MOR0210","Morton3","A7","MOR210",NA,NA,NA,NA,NA,"MOR0210"
"MOR0211","Morton3","A8","MOR211",NA,NA,NA,NA,NA,"MOR0211"
"MOR0212","Morton3","A9","MOR212",NA,NA,NA,NA,NA,"MOR0212"
"MOR0213","Morton3","A10","MOR213",NA,NA,NA,NA,NA,"MOR0213"
"MOR0214","Morton3","A11","MOR214",NA,NA,NA,NA,NA,"MOR0214"
"MOR0215","Morton3","A12","MOR215",NA,NA,NA,NA,NA,"MOR0215"
"MOR0216","Morton3","B1","MOR216",NA,NA,NA,NA,NA,"MOR0216"
"MOR0217","Morton3","B2","MOR217",NA,NA,NA,NA,NA,"MOR0217"
"MOR0218","Morton3","B3","MOR218",NA,NA,NA,NA,NA,"MOR0218"
"MOR0219","Morton3","B4","MOR219",NA,NA,NA,NA,NA,"MOR0219"
"MOR0220","Morton3","B5","MOR220",NA,NA,NA,NA,NA,"MOR0220"
"MOR0221","Morton3","B6","MOR221",NA,NA,NA,NA,NA,"MOR0221"
"MOR0222","Morton3","B7","MOR222",NA,NA,NA,NA,NA,"MOR0222"
"MOR0224","Morton3","B8","MOR224",NA,NA,NA,NA,NA,"MOR0224"
"MOR0225","Morton3","B9","MOR225",NA,NA,NA,NA,NA,"MOR0225"
"MOR0226","Morton3","B10","MOR226",NA,NA,NA,NA,NA,"MOR0226"
"MOR0227","Morton3","B11","MOR227",NA,NA,NA,NA,NA,"MOR0227"
"MOR0228","Morton3","B12","MOR228",NA,NA,NA,NA,NA,"MOR0228"
"MOR0229","Morton3","C1","MOR229",NA,NA,NA,NA,NA,"MOR0229"
"MOR0230","Morton3","C2","MOR230",NA,NA,NA,NA,NA,"MOR0230"
"MOR0231","Morton3","C3","MOR231",NA,NA,NA,NA,NA,"MOR0231"
"MOR0232","Morton3","C4","MOR232",NA,NA,NA,NA,NA,"MOR0232"
"MOR0233","Morton3","C5","MOR233",NA,NA,NA,NA,NA,"MOR0233"
"MOR0234","Morton3","C6","MOR234",NA,NA,NA,NA,NA,"MOR0234"
"MOR0235","Morton3","C7","MOR235",NA,NA,NA,NA,NA,"MOR0235"
"MOR0237","Morton3","C8","MOR237",NA,NA,NA,NA,NA,"MOR0237"
"MOR0238","Morton3","C9","MOR238",NA,NA,NA,NA,NA,"MOR0238"
"MOR0239","Morton3","C10","MOR239",NA,NA,NA,NA,NA,"MOR0239"
"MOR0240","Morton3","C11","MOR240",NA,NA,NA,NA,NA,"MOR0240"
"MOR0241","Morton3","C12","MOR241",NA,NA,NA,NA,NA,"MOR0241"
"MOR0242","Morton3","D1","MOR242",NA,NA,NA,NA,NA,"MOR0242"
"MOR0243","Morton3","D2","MOR243",NA,NA,NA,NA,NA,"MOR0243"
"MOR0244","Morton3","D3","MOR244",NA,NA,NA,NA,NA,"MOR0244"
"MOR0245","Morton3","D4","MOR245",NA,NA,NA,NA,NA,"MOR0245"
"MOR0246","Morton3","D5","MOR246",NA,NA,NA,NA,NA,"MOR0246"
"MOR0247","Morton3","D6","MOR247",NA,NA,NA,NA,NA,"MOR0247"
"MOR0248","Morton3","D7","MOR248",NA,NA,NA,NA,NA,"MOR0248"
"MOR0249","Morton3","D8","MOR249",NA,NA,NA,NA,NA,"MOR0249"
"MOR0250","Morton3","D9","MOR250",NA,NA,NA,NA,NA,"MOR0250"
"MOR0251","Morton3","D10","MOR251",NA,NA,NA,NA,NA,"MOR0251"
"MOR0252","Morton3","D11","MOR252",NA,NA,NA,NA,NA,"MOR0252"
"MOR0253","Morton3","D12","MOR253",NA,NA,NA,NA,NA,"MOR0253"
"MOR0254","Morton3","E1","MOR254",NA,NA,NA,NA,NA,"MOR0254"
"MOR0255","Morton3","E2","MOR255",NA,NA,NA,NA,NA,"MOR0255"
"MOR0256","Morton3","E3","MOR256",NA,NA,NA,NA,NA,"MOR0256"
"MOR0257","Morton3","E4","MOR257",NA,NA,NA,NA,NA,"MOR0257"
"MOR0258","Morton3","E5","MOR258",NA,NA,NA,NA,NA,"MOR0258"
"MOR0259","Morton3","E6","MOR259",NA,NA,NA,NA,NA,"MOR0259"
"MOR0260","Morton3","E7","MOR260",NA,NA,NA,NA,NA,"MOR0260"
"MOR0261","Morton3","E8","MOR261",NA,NA,NA,NA,NA,"MOR0261"
"MOR0262","Morton3","E9","MOR262",NA,NA,NA,NA,NA,"MOR0262"
"MOR0263","Morton3","E10","MOR263",NA,NA,NA,NA,NA,"MOR0263"
"MOR0264","Morton3","E11","MOR264",NA,NA,NA,NA,NA,"MOR0264"
"MOR0265","Morton3","E12","MOR265",NA,NA,NA,NA,NA,"MOR0265"
"MOR0266","Morton3","F1","MOR266",NA,NA,NA,NA,NA,"MOR0266"
"MOR0267","Morton3","F2","MOR267",NA,NA,NA,NA,NA,"MOR0267"
"MOR0268","Morton3","F3","MOR268",NA,NA,NA,NA,NA,"MOR0268"
"MOR0269","Morton3","F4","MOR269",NA,NA,NA,NA,NA,"MOR0269"
"MOR0270","Morton3","F5","MOR270",NA,NA,NA,NA,NA,"MOR0270"
"MOR0271","Morton3","F6","MOR271",NA,NA,NA,NA,NA,"MOR0271"
"MOR0272","Morton3","F7","MOR272",NA,NA,NA,NA,NA,"MOR0272"
"MOR0273","Morton3","F8","MOR273",NA,NA,NA,NA,NA,"MOR0273"
"MOR0274","Morton3","F9","MOR274",NA,NA,NA,NA,NA,"MOR0274"
"MOR0275","Morton3","F10","MOR275",NA,NA,NA,NA,NA,"MOR0275"
"MOR0276","Morton3","F11","MOR276",NA,NA,NA,NA,NA,"MOR0276"
"MOR0277","Morton3","F12","MOR277",NA,NA,NA,NA,NA,"MOR0277"
"MOR0278","Morton3","G1","MOR278",NA,NA,NA,NA,NA,"MOR0278"
"MOR0279","Morton3","G2","MOR279",NA,NA,NA,NA,NA,"MOR0279"
"MOR0280","Morton3","G3","MOR280",NA,NA,NA,NA,NA,"MOR0280"
"MOR0281","Morton3","G4","MOR281",NA,NA,NA,NA,NA,"MOR0281"
"MOR0282","Morton3","G5","MOR282",NA,NA,NA,NA,NA,"MOR0282"
"MOR0283","Morton3","G6","MOR283",NA,NA,NA,NA,NA,"MOR0283"
"MOR0284","Morton3","G7","MOR284",NA,NA,NA,NA,NA,"MOR0284"
"MOR0285","Morton3","G8","MOR285",NA,NA,NA,NA,NA,"MOR0285"
"MOR0286","Morton3","G9","MOR286",NA,NA,NA,NA,NA,"MOR0286"
"MOR0287","Morton3","G10","MOR287",NA,NA,NA,NA,NA,"MOR0287"
"MOR0301","Morton3","G11","MOR301",NA,NA,NA,NA,NA,"MOR0301"
"MOR0289","Morton3","G12","MOR289",NA,NA,NA,NA,NA,"MOR0289"
"MOR0290","Morton3","H1","MOR290",NA,NA,NA,NA,NA,"MOR0290"
"MOR0291","Morton3","H2","MOR291",NA,NA,NA,NA,NA,"MOR0291"
"MOR0292","Morton3","H3","MOR292",NA,NA,NA,NA,NA,"MOR0292"
"MOR0293","Morton3","H4","MOR293",NA,NA,NA,NA,NA,"MOR0293"
"MOR0294","Morton3","H5","MOR294",NA,NA,NA,NA,NA,"MOR0294"
"MOR0295","Morton3","H6","MOR295",NA,NA,NA,NA,NA,"MOR0295"
"MOR0296","Morton3","H7","MOR296",NA,NA,NA,NA,NA,"MOR0296"
"MOR0297","Morton3","H8","MOR297",NA,NA,NA,NA,NA,"MOR0297"
"MOR0298","Morton3","H9","MOR298",NA,NA,NA,NA,NA,"MOR0298"
"MOR0299","Morton3","H10","MOR299",NA,NA,NA,NA,NA,"MOR0299"
"MOR0300","Morton3","H11","MOR300",NA,NA,NA,NA,NA,"MOR0300"
"MOR0302","Morton4","A1","MOR302",NA,NA,NA,NA,NA,"MOR0302"
"MOR0303","Morton4","A2","MOR303",NA,NA,NA,NA,NA,"MOR0303"
"MOR0304","Morton4","A3","MOR304",NA,NA,NA,NA,NA,"MOR0304"
"MOR0305","Morton4","A4","MOR305",NA,NA,NA,NA,NA,"MOR0305"
"MOR0306","Morton4","A5","MOR306",NA,NA,NA,NA,NA,"MOR0306"
"MOR0307","Morton4","A6","MOR307",NA,NA,NA,NA,NA,"MOR0307"
"MOR0308","Morton4","A7","MOR308",NA,NA,NA,NA,NA,"MOR0308"
"MOR0309","Morton4","A8","MOR309",NA,NA,NA,NA,NA,"MOR0309"
"MOR0310","Morton4","A9","MOR310",NA,NA,NA,NA,NA,"MOR0310"
"MOR0311","Morton4","A10","MOR311",NA,NA,NA,NA,NA,"MOR0311"
"MOR0312","Morton4","A11","MOR312",NA,NA,NA,NA,NA,"MOR0312"
"MOR0313","Morton4","A12","MOR313",NA,NA,NA,NA,NA,"MOR0313"
"MOR0314","Morton4","B1","MOR314",NA,NA,NA,NA,NA,"MOR0314"
"MOR0315","Morton4","B2","MOR315",NA,NA,NA,NA,NA,"MOR0315"
"MOR0316","Morton4","B3","MOR316",NA,NA,NA,NA,NA,"MOR0316"
"MOR0317","Morton4","B4","MOR317",NA,NA,NA,NA,NA,"MOR0317"
"MOR0318","Morton4","B5","MOR318",NA,NA,NA,NA,NA,"MOR0318"
"MOR0319","Morton4","B6","MOR319",NA,NA,NA,NA,NA,"MOR0319"
"MOR0320","Morton4","B7","MOR320",NA,NA,NA,NA,NA,"MOR0320"
"MOR0321","Morton4","B8","MOR321",NA,NA,NA,NA,NA,"MOR0321"
"MOR0322","Morton4","B9","MOR322",NA,NA,NA,NA,NA,"MOR0322"
"MOR0323","Morton4","B10","MOR323",NA,NA,NA,NA,NA,"MOR0323"
"MOR0324","Morton4","B11","MOR324",NA,NA,NA,NA,NA,"MOR0324"
"MOR0403","Morton4","B12","MOR403",NA,NA,NA,NA,NA,"MOR0403"
"MOR0326","Morton4","C1","MOR326",NA,NA,NA,NA,NA,"MOR0326"
"MOR0327","Morton4","C2","MOR327",NA,NA,NA,NA,NA,"MOR0327"
"MOR0328","Morton4","C3","MOR328",NA,NA,NA,NA,NA,"MOR0328"
"MOR0329","Morton4","C4","MOR329",NA,NA,NA,NA,NA,"MOR0329"
"MOR0330","Morton4","C5","MOR330",NA,NA,NA,NA,NA,"MOR0330"
"MOR0331","Morton4","C6","MOR331",NA,NA,NA,NA,NA,"MOR0331"
"MOR0332","Morton4","C7","MOR332",NA,NA,NA,NA,NA,"MOR0332"
"MOR0333","Morton4","C8","MOR333",NA,NA,NA,NA,NA,"MOR0333"
"MOR0334","Morton4","C9","MOR334",NA,NA,NA,NA,NA,"MOR0334"
"MOR0335","Morton4","C10","MOR335",NA,NA,NA,NA,NA,"MOR0335"
"MOR0336","Morton4","C11","MOR336",NA,NA,NA,NA,NA,"MOR0336"
"MOR0337","Morton4","C12","MOR337",NA,NA,NA,NA,NA,"MOR0337"
"MOR0338","Morton4","D1","MOR338",NA,NA,NA,NA,NA,"MOR0338"
"MOR0339","Morton4","D2","MOR339",NA,NA,NA,NA,NA,"MOR0339"
"MOR0340","Morton4","D3","MOR340",NA,NA,NA,NA,NA,"MOR0340"
"MOR0342","Morton4","D4","MOR342",NA,NA,NA,NA,NA,"MOR0342"
"MOR0343","Morton4","D5","MOR343",NA,NA,NA,NA,NA,"MOR0343"
"MOR0345","Morton4","D6","MOR345",NA,NA,NA,NA,NA,"MOR0345"
"MOR0346","Morton4","D7","MOR346",NA,NA,NA,NA,NA,"MOR0346"
"MOR0347","Morton4","D8","MOR347",NA,NA,NA,NA,NA,"MOR0347"
"MOR0348","Morton4","D9","MOR348",NA,NA,NA,NA,NA,"MOR0348"
"MOR0350","Morton4","D10","MOR350",NA,NA,NA,NA,NA,"MOR0350"
"MOR0351","Morton4","D11","MOR351",NA,NA,NA,NA,NA,"MOR0351"
"MOR0352","Morton4","D12","MOR352",NA,NA,NA,NA,NA,"MOR0352"
"MOR0353","Morton4","E1","MOR353",NA,NA,NA,NA,NA,"MOR0353"
"MOR0354","Morton4","E2","MOR354",NA,NA,NA,NA,NA,"MOR0354"
"MOR0355","Morton4","E3","MOR355",NA,NA,NA,NA,NA,"MOR0355"
"MOR0356","Morton4","E4","MOR356",NA,NA,NA,NA,NA,"MOR0356"
"MOR0357","Morton4","E5","MOR357",NA,NA,NA,NA,NA,"MOR0357"
"MOR0358","Morton4","E6","MOR358",NA,NA,NA,NA,NA,"MOR0358"
"MOR0359","Morton4","E7","MOR359",NA,NA,NA,NA,NA,"MOR0359"
"MOR0360","Morton4","E8","MOR360",NA,NA,NA,NA,NA,"MOR0360"
"MOR0361","Morton4","E9","MOR361",NA,NA,NA,NA,NA,"MOR0361"
"MOR0362","Morton4","E10","MOR362",NA,NA,NA,NA,NA,"MOR0362"
"MOR0363","Morton4","E11","MOR363",NA,NA,NA,NA,NA,"MOR0363"
"MOR0364","Morton4","E12","MOR364",NA,NA,NA,NA,NA,"MOR0364"
"MOR0365","Morton4","F1","MOR365",NA,NA,NA,NA,NA,"MOR0365"
"MOR0366","Morton4","F2","MOR366",NA,NA,NA,NA,NA,"MOR0366"
"MOR0367","Morton4","F3","MOR367",NA,NA,NA,NA,NA,"MOR0367"
"MOR0368","Morton4","F4","MOR368",NA,NA,NA,NA,NA,"MOR0368"
"MOR0369","Morton4","F5","MOR369",NA,NA,NA,NA,NA,"MOR0369"
"MOR0370","Morton4","F6","MOR370",NA,NA,NA,NA,NA,"MOR0370"
"MOR0371","Morton4","F7","MOR371",NA,NA,NA,NA,NA,"MOR0371"
"MOR0372","Morton4","F8","MOR372",NA,NA,NA,NA,NA,"MOR0372"
"MOR0373","Morton4","F9","MOR373",NA,NA,NA,NA,NA,"MOR0373"
"MOR0374","Morton4","F10","MOR374",NA,NA,NA,NA,NA,"MOR0374"
"MOR0375","Morton4","F11","MOR375",NA,NA,NA,NA,NA,"MOR0375"
"MOR0376","Morton4","F12","MOR376",NA,NA,NA,NA,NA,"MOR0376"
"MOR0377","Morton4","G1","MOR377",NA,NA,NA,NA,NA,"MOR0377"
"MOR0379","Morton4","G2","MOR379",NA,NA,NA,NA,NA,"MOR0379"
"MOR0380","Morton4","G3","MOR380",NA,NA,NA,NA,NA,"MOR0380"
"MOR0381","Morton4","G4","MOR381",NA,NA,NA,NA,NA,"MOR0381"
"MOR0382","Morton4","G5","MOR382",NA,NA,NA,NA,NA,"MOR0382"
"MOR0383","Morton4","G6","MOR383",NA,NA,NA,NA,NA,"MOR0383"
"MOR0384","Morton4","G7","MOR384",NA,NA,NA,NA,NA,"MOR0384"
"MOR0385","Morton4","G8","MOR385",NA,NA,NA,NA,NA,"MOR0385"
"MOR0386","Morton4","G9","MOR386",NA,NA,NA,NA,NA,"MOR0386"
"MOR0387","Morton4","G10","MOR387",NA,NA,NA,NA,NA,"MOR0387"
"MOR0388","Morton4","G11","MOR388",NA,NA,NA,NA,NA,"MOR0388"
"MOR0389","Morton4","G12","MOR389",NA,NA,NA,NA,NA,"MOR0389"
"MOR0390","Morton4","H1","MOR390",NA,NA,NA,NA,NA,"MOR0390"
"MOR0391","Morton4","H2","MOR391",NA,NA,NA,NA,NA,"MOR0391"
"MOR0392","Morton4","H3","MOR392",NA,NA,NA,NA,NA,"MOR0392"
"MOR0393","Morton4","H4","MOR393",NA,NA,NA,NA,NA,"MOR0393"
"MOR0394","Morton4","H5","MOR394",NA,NA,NA,NA,NA,"MOR0394"
"MOR0395","Morton4","H6","MOR395",NA,NA,NA,NA,NA,"MOR0395"
"MOR0397","Morton4","H7","MOR397",NA,NA,NA,NA,NA,"MOR0397"
"MOR0398","Morton4","H8","MOR398",NA,NA,NA,NA,NA,"MOR0398"
"MOR0399","Morton4","H9","MOR399",NA,NA,NA,NA,NA,"MOR0399"
"MOR0401","Morton4","H10","MOR401",NA,NA,NA,NA,NA,"MOR0401"
"MOR0402","Morton4","H11","MOR402",NA,NA,NA,NA,NA,"MOR0402"
"MOR0404","Morton5","A1","MOR404",NA,NA,NA,NA,NA,"MOR0404"
"MOR0405","Morton5","A2","MOR405",NA,NA,NA,NA,NA,"MOR0405"
"MOR0406","Morton5","A3","MOR406",NA,NA,NA,NA,NA,"MOR0406"
"MOR0407","Morton5","A4","MOR407",NA,NA,NA,NA,NA,"MOR0407"
"MOR0408","Morton5","A5","MOR408",NA,NA,NA,NA,NA,"MOR0408"
"MOR0409","Morton5","A6","MOR409",NA,NA,NA,NA,NA,"MOR0409"
"MOR0420","Morton5","A7","MOR420",NA,NA,NA,NA,NA,"MOR0420"
"MOR0411","Morton5","A8","MOR411",NA,NA,NA,NA,NA,"MOR0411"
"MOR0412","Morton5","A9","MOR412",NA,NA,NA,NA,NA,"MOR0412"
"MOR0413","Morton5","A10","MOR413",NA,NA,NA,NA,NA,"MOR0413"
"MOR0414","Morton5","A11","MOR414",NA,NA,NA,NA,NA,"MOR0414"
"MOR0415","Morton5","A12","MOR415",NA,NA,NA,NA,NA,"MOR0415"
"MOR0416","Morton5","B1","MOR416",NA,NA,NA,NA,NA,"MOR0416"
"MOR0417","Morton5","B2","MOR417",NA,NA,NA,NA,NA,"MOR0417"
"MOR0418","Morton5","B3","MOR418",NA,NA,NA,NA,NA,"MOR0418"
"MOR0419","Morton5","B4","MOR419",NA,NA,NA,NA,NA,"MOR0419"
"MOR0421","Morton5","B5","MOR421",NA,NA,NA,NA,NA,"MOR0421"
"MOR0422","Morton5","B6","MOR422",NA,NA,NA,NA,NA,"MOR0422"
"MOR0423","Morton5","B7","MOR423",NA,NA,NA,NA,NA,"MOR0423"
"MOR0424","Morton5","B8","MOR424",NA,NA,NA,NA,NA,"MOR0424"
"MOR0425","Morton5","B9","MOR425",NA,NA,NA,NA,NA,"MOR0425"
"MOR0426","Morton5","B10","MOR426",NA,NA,NA,NA,NA,"MOR0426"
"MOR0427","Morton5","B11","MOR427",NA,NA,NA,NA,NA,"MOR0427"
"MOR0428","Morton5","B12","MOR428",NA,NA,NA,NA,NA,"MOR0428"
"MOR0429","Morton5","C1","MOR429",NA,NA,NA,NA,NA,"MOR0429"
"MOR0431","Morton5","C2","MOR431",NA,NA,NA,NA,NA,"MOR0431"
"MOR0432","Morton5","C3","MOR432",NA,NA,NA,NA,NA,"MOR0432"
"MOR0433","Morton5","C4","MOR433",NA,NA,NA,NA,NA,"MOR0433"
"MOR0434","Morton5","C5","MOR434",NA,NA,NA,NA,NA,"MOR0434"
"MOR0435","Morton5","C6","MOR435",NA,NA,NA,NA,NA,"MOR0435"
"MOR0436","Morton5","C7","MOR436",NA,NA,NA,NA,NA,"MOR0436"
"MOR0437","Morton5","C8","MOR437",NA,NA,NA,NA,NA,"MOR0437"
"MOR0438","Morton5","C9","MOR438",NA,NA,NA,NA,NA,"MOR0438"
"MOR0439","Morton5","C10","MOR439",NA,NA,NA,NA,NA,"MOR0439"
"MOR0440","Morton5","C11","MOR440",NA,NA,NA,NA,NA,"MOR0440"
"MOR0441","Morton5","C12","MOR441",NA,NA,NA,NA,NA,"MOR0441"
"MOR0442","Morton5","D1","MOR442",NA,NA,NA,NA,NA,"MOR0442"
"MOR0443","Morton5","D2","MOR443",NA,NA,NA,NA,NA,"MOR0443"
"MOR0444","Morton5","D3","MOR444",NA,NA,NA,NA,NA,"MOR0444"
"MOR0445","Morton5","D4","MOR445",NA,NA,NA,NA,NA,"MOR0445"
"MOR0446","Morton5","D5","MOR446",NA,NA,NA,NA,NA,"MOR0446"
"MOR0447","Morton5","D6","MOR447",NA,NA,NA,NA,NA,"MOR0447"
"MOR0448","Morton5","D7","MOR448",NA,NA,NA,NA,NA,"MOR0448"
"MOR0449","Morton5","D8","MOR449",NA,NA,NA,NA,NA,"MOR0449"
"MOR0450","Morton5","D9","MOR450",NA,NA,NA,NA,NA,"MOR0450"
"MOR0451","Morton5","D10","MOR451",NA,NA,NA,NA,NA,"MOR0451"
"MOR0452","Morton5","D11","MOR452",NA,NA,NA,NA,NA,"MOR0452"
"MOR0453","Morton5","D12","MOR453",NA,NA,NA,NA,NA,"MOR0453"
"MOR0454","Morton5","E1","MOR454",NA,NA,NA,NA,NA,"MOR0454"
"MOR0455","Morton5","E2","MOR455",NA,NA,NA,NA,NA,"MOR0455"
"MOR0456","Morton5","E3","MOR456",NA,NA,NA,NA,NA,"MOR0456"
"MOR0457","Morton5","E4","MOR457",NA,NA,NA,NA,NA,"MOR0457"
"MOR0458","Morton5","E5","MOR458",NA,NA,NA,NA,NA,"MOR0458"
"MOR0459","Morton5","E6","MOR459",NA,NA,NA,NA,NA,"MOR0459"
"MOR0460","Morton5","E7","MOR460",NA,NA,NA,NA,NA,"MOR0460"
"MOR0461","Morton5","E8","MOR461",NA,NA,NA,NA,NA,"MOR0461"
"MOR0462","Morton5","E9","MOR462",NA,NA,NA,NA,NA,"MOR0462"
"MOR0463","Morton5","E10","MOR463",NA,NA,NA,NA,NA,"MOR0463"
"MOR0464","Morton5","E11","MOR464",NA,NA,NA,NA,NA,"MOR0464"
"MOR0465","Morton5","E12","MOR465",NA,NA,NA,NA,NA,"MOR0465"
"MOR0466","Morton5","F1","MOR466",NA,NA,NA,NA,NA,"MOR0466"
"MOR0467","Morton5","F2","MOR467",NA,NA,NA,NA,NA,"MOR0467"
"MOR0468","Morton5","F3","MOR468",NA,NA,NA,NA,NA,"MOR0468"
"MOR0469","Morton5","F4","MOR469",NA,NA,NA,NA,NA,"MOR0469"
"MOR0470","Morton5","F5","MOR470",NA,NA,NA,NA,NA,"MOR0470"
"MOR0471","Morton5","F6","MOR471",NA,NA,NA,NA,NA,"MOR0471"
"MOR0472","Morton5","F7","MOR472",NA,NA,NA,NA,NA,"MOR0472"
"MOR0473","Morton5","F8","MOR473",NA,NA,NA,NA,NA,"MOR0473"
"MOR0474","Morton5","F9","MOR474",NA,NA,NA,NA,NA,"MOR0474"
"MOR0475","Morton5","F10","MOR475",NA,NA,NA,NA,NA,"MOR0475"
"MOR0476","Morton5","F11","MOR476",NA,NA,NA,NA,NA,"MOR0476"
"MOR0477","Morton5","F12","MOR477",NA,NA,NA,NA,NA,"MOR0477"
"MOR0478","Morton5","G1","MOR478",NA,NA,NA,NA,NA,"MOR0478"
"MOR0479","Morton5","G2","MOR479",NA,NA,NA,NA,NA,"MOR0479"
"MOR0480","Morton5","G3","MOR480",NA,NA,NA,NA,NA,"MOR0480"
"MOR0481","Morton5","G4","MOR481",NA,NA,NA,NA,NA,"MOR0481"
"MOR0483","Morton5","G5","MOR483",NA,NA,NA,NA,NA,"MOR0483"
"MOR0484","Morton5","G6","MOR484",NA,NA,NA,NA,NA,"MOR0484"
"MOR0485","Morton5","G7","MOR485",NA,NA,NA,NA,NA,"MOR0485"
"MOR0486","Morton5","G8","MOR486",NA,NA,NA,NA,NA,"MOR0486"
"MOR0488","Morton5","G9","MOR488",NA,NA,NA,NA,NA,"MOR0488"
"MOR0489","Morton5","G10","MOR489",NA,NA,NA,NA,NA,"MOR0489"
"MOR0490","Morton5","G11","MOR490",NA,NA,NA,NA,NA,"MOR0490"
"MOR0491","Morton5","G12","MOR491",NA,NA,NA,NA,NA,"MOR0491"
"MOR0492","Morton5","H1","MOR492",NA,NA,NA,NA,NA,"MOR0492"
"MOR0493","Morton5","H2","MOR493",NA,NA,NA,NA,NA,"MOR0493"
"MOR0494","Morton5","H3","MOR494",NA,NA,NA,NA,NA,"MOR0494"
"MOR0495","Morton5","H4","MOR495",NA,NA,NA,NA,NA,"MOR0495"
"MOR0496","Morton5","H5","MOR496",NA,NA,NA,NA,NA,"MOR0496"
"MOR0497","Morton5","H6","MOR497",NA,NA,NA,NA,NA,"MOR0497"
"MOR0498","Morton5","H7","MOR498",NA,NA,NA,NA,NA,"MOR0498"
"MOR0499","Morton5","H8","MOR499",NA,NA,NA,NA,NA,"MOR0499"
"MOR0500","Morton5","H9","MOR500",NA,NA,NA,NA,NA,"MOR0500"
"MOR0501","Morton5","H10","MOR501",NA,NA,NA,NA,NA,"MOR0501"
"MOR0502","Morton5","H11","MOR502",NA,NA,NA,NA,NA,"MOR0502"
"MOR0503","Morton6","A1","MOR503",NA,NA,NA,NA,NA,"MOR0503"
"MOR0504","Morton6","A2","MOR504",NA,NA,NA,NA,NA,"MOR0504"
"MOR0505","Morton6","A3","MOR505",NA,NA,NA,NA,NA,"MOR0505"
"MOR0506","Morton6","A4","MOR506",NA,NA,NA,NA,NA,"MOR0506"
"MOR0507","Morton6","A5","MOR507",NA,NA,NA,NA,NA,"MOR0507"
"MOR0508","Morton6","A6","MOR508",NA,NA,NA,NA,NA,"MOR0508"
"MOR0509","Morton6","A7","MOR509",NA,NA,NA,NA,NA,"MOR0509"
"MOR0510","Morton6","A8","MOR510",NA,NA,NA,NA,NA,"MOR0510"
"MOR0511","Morton6","A9","MOR511",NA,NA,NA,NA,NA,"MOR0511"
"MOR0512","Morton6","A10","MOR512",NA,NA,NA,NA,NA,"MOR0512"
"MOR0513","Morton6","A11","MOR513",NA,NA,NA,NA,NA,"MOR0513"
"MOR0514","Morton6","A12","MOR514",NA,NA,NA,NA,NA,"MOR0514"
"MOR0515","Morton6","B1","MOR515",NA,NA,NA,NA,NA,"MOR0515"
"MOR0517","Morton6","B2","MOR517",NA,NA,NA,NA,NA,"MOR0517"
"MOR0518","Morton6","B3","MOR518",NA,NA,NA,NA,NA,"MOR0518"
"MOR0519","Morton6","B4","MOR519",NA,NA,NA,NA,NA,"MOR0519"
"MOR0520","Morton6","B5","MOR520",NA,NA,NA,NA,NA,"MOR0520"
"MOR0521","Morton6","B6","MOR521",NA,NA,NA,NA,NA,"MOR0521"
"MOR0522","Morton6","B7","MOR522",NA,NA,NA,NA,NA,"MOR0522"
"MOR0523","Morton6","B8","MOR523",NA,NA,NA,NA,NA,"MOR0523"
"MOR0524","Morton6","B9","MOR524",NA,NA,NA,NA,NA,"MOR0524"
"MOR0525","Morton6","B10","MOR525",NA,NA,NA,NA,NA,"MOR0525"
"MOR0526","Morton6","B11","MOR526",NA,NA,NA,NA,NA,"MOR0526"
"MOR0527","Morton6","B12","MOR527",NA,NA,NA,NA,NA,"MOR0527"
"MOR0528","Morton6","C1","MOR528",NA,NA,NA,NA,NA,"MOR0528"
"MOR0529","Morton6","C2","MOR529",NA,NA,NA,NA,NA,"MOR0529"
"MOR0530","Morton6","C3","MOR530",NA,NA,NA,NA,NA,"MOR0530"
"MOR0531","Morton6","C4","MOR531",NA,NA,NA,NA,NA,"MOR0531"
"MOR0532","Morton6","C5","MOR532",NA,NA,NA,NA,NA,"MOR0532"
"MOR0533","Morton6","C6","MOR533",NA,NA,NA,NA,NA,"MOR0533"
"MOR0534","Morton6","C7","MOR534",NA,NA,NA,NA,NA,"MOR0534"
"MOR0535","Morton6","C8","MOR535",NA,NA,NA,NA,NA,"MOR0535"
"MOR0536","Morton6","C9","MOR536",NA,NA,NA,NA,NA,"MOR0536"
"MOR0604","Morton6","C10","MOR604",NA,NA,NA,NA,NA,"MOR0604"
"MOR0538","Morton6","C11","MOR538",NA,NA,NA,NA,NA,"MOR0538"
"MOR0539","Morton6","C12","MOR539",NA,NA,NA,NA,NA,"MOR0539"
"MOR0540","Morton6","D1","MOR540",NA,NA,NA,NA,NA,"MOR0540"
"MOR0541","Morton6","D2","MOR541",NA,NA,NA,NA,NA,"MOR0541"
"MOR0542","Morton6","D3","MOR542",NA,NA,NA,NA,NA,"MOR0542"
"MOR0543","Morton6","D4","MOR543",NA,NA,NA,NA,NA,"MOR0543"
"MOR0544","Morton6","D5","MOR544",NA,NA,NA,NA,NA,"MOR0544"
"MOR0545","Morton6","D6","MOR545",NA,NA,NA,NA,NA,"MOR0545"
"MOR0546","Morton6","D7","MOR546",NA,NA,NA,NA,NA,"MOR0546"
"MOR0547","Morton6","D8","MOR547",NA,NA,NA,NA,NA,"MOR0547"
"MOR0548","Morton6","D9","MOR548",NA,NA,NA,NA,NA,"MOR0548"
"MOR0549","Morton6","D10","MOR549",NA,NA,NA,NA,NA,"MOR0549"
"MOR0552","Morton6","D11","MOR552",NA,NA,NA,NA,NA,"MOR0552"
"MOR0553","Morton6","D12","MOR553",NA,NA,NA,NA,NA,"MOR0553"
"MOR0554","Morton6","E1","MOR554",NA,NA,NA,NA,NA,"MOR0554"
"MOR0555","Morton6","E2","MOR555",NA,NA,NA,NA,NA,"MOR0555"
"MOR0556","Morton6","E3","MOR556",NA,NA,NA,NA,NA,"MOR0556"
"MOR0557","Morton6","E4","MOR557",NA,NA,NA,NA,NA,"MOR0557"
"MOR0558","Morton6","E5","MOR558",NA,NA,NA,NA,NA,"MOR0558"
"MOR0605","Morton6","E6","MOR605",NA,NA,NA,NA,NA,"MOR0605"
"MOR0560","Morton6","E7","MOR560",NA,NA,NA,NA,NA,"MOR0560"
"MOR0561","Morton6","E8","MOR561",NA,NA,NA,NA,NA,"MOR0561"
"MOR0562","Morton6","E9","MOR562",NA,NA,NA,NA,NA,"MOR0562"
"MOR0564","Morton6","E10","MOR564",NA,NA,NA,NA,NA,"MOR0564"
"MOR0565","Morton6","E11","MOR565",NA,NA,NA,NA,NA,"MOR0565"
"MOR0567","Morton6","E12","MOR567",NA,NA,NA,NA,NA,"MOR0567"
"MOR0568","Morton6","F1","MOR568",NA,NA,NA,NA,NA,"MOR0568"
"MOR0569","Morton6","F2","MOR569",NA,NA,NA,NA,NA,"MOR0569"
"MOR0570","Morton6","F3","MOR570",NA,NA,NA,NA,NA,"MOR0570"
"MOR0571","Morton6","F4","MOR571",NA,NA,NA,NA,NA,"MOR0571"
"MOR0572","Morton6","F5","MOR572",NA,NA,NA,NA,NA,"MOR0572"
"MOR0573","Morton6","F6","MOR573",NA,NA,NA,NA,NA,"MOR0573"
"MOR0574","Morton6","F7","MOR574",NA,NA,NA,NA,NA,"MOR0574"
"MOR0575","Morton6","F8","MOR575",NA,NA,NA,NA,NA,"MOR0575"
"MOR0576","Morton6","F9","MOR576",NA,NA,NA,NA,NA,"MOR0576"
"MOR0577","Morton6","F10","MOR577",NA,NA,NA,NA,NA,"MOR0577"
"MOR0578","Morton6","F11","MOR578",NA,NA,NA,NA,NA,"MOR0578"
"MOR0579","Morton6","F12","MOR579",NA,NA,NA,NA,NA,"MOR0579"
"MOR0580","Morton6","G1","MOR580",NA,NA,NA,NA,NA,"MOR0580"
"MOR0582","Morton6","G2","MOR582",NA,NA,NA,NA,NA,"MOR0582"
"MOR0583","Morton6","G3","MOR583",NA,NA,NA,NA,NA,"MOR0583"
"MOR0584","Morton6","G4","MOR584",NA,NA,NA,NA,NA,"MOR0584"
"MOR0585","Morton6","G5","MOR585",NA,NA,NA,NA,NA,"MOR0585"
"MOR0586","Morton6","G6","MOR586",NA,NA,NA,NA,NA,"MOR0586"
"MOR0587","Morton6","G7","MOR587",NA,NA,NA,NA,NA,"MOR0587"
"MOR0588","Morton6","G8","MOR588",NA,NA,NA,NA,NA,"MOR0588"
"MOR0589","Morton6","G9","MOR589",NA,NA,NA,NA,NA,"MOR0589"
"MOR0590","Morton6","G10","MOR590",NA,NA,NA,NA,NA,"MOR0590"
"MOR0591","Morton6","G11","MOR591",NA,NA,NA,NA,NA,"MOR0591"
"MOR0592","Morton6","G12","MOR592",NA,NA,NA,NA,NA,"MOR0592"
"MOR0593","Morton6","H1","MOR593",NA,NA,NA,NA,NA,"MOR0593"
"MOR0594","Morton6","H2","MOR594",NA,NA,NA,NA,NA,"MOR0594"
"MOR0595","Morton6","H3","MOR595",NA,NA,NA,NA,NA,"MOR0595"
"MOR0596","Morton6","H4","MOR596",NA,NA,NA,NA,NA,"MOR0596"
"MOR0597","Morton6","H5","MOR597",NA,NA,NA,NA,NA,"MOR0597"
"MOR0598","Morton6","H6","MOR598",NA,NA,NA,NA,NA,"MOR0598"
"MOR0599","Morton6","H7","MOR599",NA,NA,NA,NA,NA,"MOR0599"
"MOR0600","Morton6","H8","MOR600",NA,NA,NA,NA,NA,"MOR0600"
"MOR0601","Morton6","H9","MOR601",NA,NA,NA,NA,NA,"MOR0601"
"MOR0602","Morton6","H10","MOR602",NA,NA,NA,NA,NA,"MOR0602"
"MOR0603","Morton6","H11","MOR603",NA,NA,NA,NA,NA,"MOR0603"
"MOR0606","Morton7","A1","MOR606",NA,NA,NA,NA,NA,"MOR0606"
"MOR0607","Morton7","A2","MOR607",NA,NA,NA,NA,NA,"MOR0607"
"MOR0608","Morton7","A3","MOR608",NA,NA,NA,NA,NA,"MOR0608"
"MOR0609","Morton7","A4","MOR609",NA,NA,NA,NA,NA,"MOR0609"
"MOR0610","Morton7","A5","MOR610",NA,NA,NA,NA,NA,"MOR0610"
"MOR0611","Morton7","A6","MOR611",NA,NA,NA,NA,NA,"MOR0611"
"MOR0612","Morton7","A7","MOR612",NA,NA,NA,NA,NA,"MOR0612"
"MOR0613","Morton7","A8","MOR613",NA,NA,NA,NA,NA,"MOR0613"
"MOR0614","Morton7","A9","MOR614",NA,NA,NA,NA,NA,"MOR0614"
"MOR0615","Morton7","A10","MOR615",NA,NA,NA,NA,NA,"MOR0615"
"MOR0616","Morton7","A11","MOR616",NA,NA,NA,NA,NA,"MOR0616"
"MOR0617","Morton7","A12","MOR617",NA,NA,NA,NA,NA,"MOR0617"
"MOR0618","Morton7","B1","MOR618",NA,NA,NA,NA,NA,"MOR0618"
"MOR0619","Morton7","B2","MOR619",NA,NA,NA,NA,NA,"MOR0619"
"MOR0620","Morton7","B3","MOR620",NA,NA,NA,NA,NA,"MOR0620"
"MOR0621","Morton7","B4","MOR621",NA,NA,NA,NA,NA,"MOR0621"
"MOR0622","Morton7","B5","MOR622",NA,NA,NA,NA,NA,"MOR0622"
"MOR0623","Morton7","B6","MOR623",NA,NA,NA,NA,NA,"MOR0623"
"MOR0624","Morton7","B7","MOR624",NA,NA,NA,NA,NA,"MOR0624"
"MOR0625","Morton7","B8","MOR625",NA,NA,NA,NA,NA,"MOR0625"
"MOR0626","Morton7","B9","MOR626",NA,NA,NA,NA,NA,"MOR0626"
"MOR0627","Morton7","B10","MOR627",NA,NA,NA,NA,NA,"MOR0627"
"MOR0628","Morton7","B11","MOR628",NA,NA,NA,NA,NA,"MOR0628"
"MOR0629","Morton7","B12","MOR629",NA,NA,NA,NA,NA,"MOR0629"
"MOR0630","Morton7","C1","MOR630",NA,NA,NA,NA,NA,"MOR0630"
"MOR0631","Morton7","C2","MOR631",NA,NA,NA,NA,NA,"MOR0631"
"MOR0632","Morton7","C3","MOR632",NA,NA,NA,NA,NA,"MOR0632"
"MOR0633","Morton7","C4","MOR633",NA,NA,NA,NA,NA,"MOR0633"
"MOR0634","Morton7","C5","MOR634",NA,NA,NA,NA,NA,"MOR0634"
"MOR0635","Morton7","C6","MOR635",NA,NA,NA,NA,NA,"MOR0635"
"MOR0636","Morton7","C7","MOR636",NA,NA,NA,NA,NA,"MOR0636"
"MOR0637","Morton7","C8","MOR637",NA,NA,NA,NA,NA,"MOR0637"
"MOR0638","Morton7","C9","MOR638",NA,NA,NA,NA,NA,"MOR0638"
"MOR0639","Morton7","C10","MOR639",NA,NA,NA,NA,NA,"MOR0639"
"MOR0640","Morton7","C11","MOR640",NA,NA,NA,NA,NA,"MOR0640"
"MOR0641","Morton7","C12","MOR641",NA,NA,NA,NA,NA,"MOR0641"
"MOR0642","Morton7","D1","MOR642",NA,NA,NA,NA,NA,"MOR0642"
"MOR0643","Morton7","D2","MOR643",NA,NA,NA,NA,NA,"MOR0643"
"MOR0644","Morton7","D3","MOR644",NA,NA,NA,NA,NA,"MOR0644"
"MOR0645","Morton7","D4","MOR645",NA,NA,NA,NA,NA,"MOR0645"
"MOR0646","Morton7","D5","MOR646",NA,NA,NA,NA,NA,"MOR0646"
"MOR0647","Morton7","D6","MOR647",NA,NA,NA,NA,NA,"MOR0647"
"MOR0648","Morton7","D7","MOR648",NA,NA,NA,NA,NA,"MOR0648"
"MOR0649","Morton7","D8","MOR649",NA,NA,NA,NA,NA,"MOR0649"
"MOR0650","Morton7","D9","MOR650",NA,NA,NA,NA,NA,"MOR0650"
"MOR0651","Morton7","D10","MOR651",NA,NA,NA,NA,NA,"MOR0651"
"MOR0652","Morton7","D11","MOR652",NA,NA,NA,NA,NA,"MOR0652"
"MOR0653","Morton7","D12","MOR653",NA,NA,NA,NA,NA,"MOR0653"
"MOR0654","Morton7","E1","MOR654",NA,NA,NA,NA,NA,"MOR0654"
"MOR0655","Morton7","E2","MOR655",NA,NA,NA,NA,NA,"MOR0655"
"MOR0656","Morton7","E3","MOR656",NA,NA,NA,NA,NA,"MOR0656"
"MOR0657","Morton7","E4","MOR657",NA,NA,NA,NA,NA,"MOR0657"
"MOR0658","Morton7","E5","MOR658",NA,NA,NA,NA,NA,"MOR0658"
"MOR0659","Morton7","E6","MOR659",NA,NA,NA,NA,NA,"MOR0659"
"MOR0660","Morton7","E7","MOR660",NA,NA,NA,NA,NA,"MOR0660"
"MOR0661","Morton7","E8","MOR661",NA,NA,NA,NA,NA,"MOR0661"
"MOR0662","Morton7","E9","MOR662",NA,NA,NA,NA,NA,"MOR0662"
"MOR0663","Morton7","E10","MOR663",NA,NA,NA,NA,NA,"MOR0663"
"MOR0664","Morton7","E11","MOR664",NA,NA,NA,NA,NA,"MOR0664"
"MOR0665","Morton7","E12","MOR665",NA,NA,NA,NA,NA,"MOR0665"
"MOR0666","Morton7","F1","MOR666",NA,NA,NA,NA,NA,"MOR0666"
"MOR0667","Morton7","F2","MOR667",NA,NA,NA,NA,NA,"MOR0667"
"MOR0668","Morton7","F3","MOR668",NA,NA,NA,NA,NA,"MOR0668"
"MOR0669","Morton7","F4","MOR669",NA,NA,NA,NA,NA,"MOR0669"
"MOR0670","Morton7","F5","MOR670",NA,NA,NA,NA,NA,"MOR0670"
"MOR0671","Morton7","F6","MOR671",NA,NA,NA,NA,NA,"MOR0671"
"MOR0672","Morton7","F7","MOR672",NA,NA,NA,NA,NA,"MOR0672"
"MOR0673","Morton7","F8","MOR673",NA,NA,NA,NA,NA,"MOR0673"
"MOR0674","Morton7","F9","MOR674",NA,NA,NA,NA,NA,"MOR0674"
"MOR0675","Morton7","F10","MOR675",NA,NA,NA,NA,NA,"MOR0675"
"MOR0676","Morton7","F11","MOR676",NA,NA,NA,NA,NA,"MOR0676"
"MOR0677","Morton7","F12","MOR677",NA,NA,NA,NA,NA,"MOR0677"
"MOR0678","Morton7","G1","MOR678",NA,NA,NA,NA,NA,"MOR0678"
"MOR0679","Morton7","G2","MOR679",NA,NA,NA,NA,NA,"MOR0679"
"MOR0680","Morton7","G3","MOR680",NA,NA,NA,NA,NA,"MOR0680"
"MOR0681","Morton7","G4","MOR681",NA,NA,NA,NA,NA,"MOR0681"
"MOR0682","Morton7","G5","MOR682",NA,NA,NA,NA,NA,"MOR0682"
"MOR0683","Morton7","G6","MOR683",NA,NA,NA,NA,NA,"MOR0683"
"MOR0684","Morton7","G7","MOR684",NA,NA,NA,NA,NA,"MOR0684"
"MOR0685","Morton7","G8","MOR685",NA,NA,NA,NA,NA,"MOR0685"
"MOR0686","Morton7","G9","MOR686",NA,NA,NA,NA,NA,"MOR0686"
"MOR0687","Morton7","G10","MOR687",NA,NA,NA,NA,NA,"MOR0687"
"MOR0688","Morton7","G11","MOR688",NA,NA,NA,NA,NA,"MOR0688"
"MOR0689","Morton7","G12","MOR689",NA,NA,NA,NA,NA,"MOR0689"
"MOR0690","Morton7","H1","MOR690",NA,NA,NA,NA,NA,"MOR0690"
"MOR0691","Morton7","H2","MOR691",NA,NA,NA,NA,NA,"MOR0691"
"MOR0692","Morton7","H3","MOR692",NA,NA,NA,NA,NA,"MOR0692"
"MOR0693","Morton7","H4","MOR693",NA,NA,NA,NA,NA,"MOR0693"
"MOR0694","Morton7","H5","MOR694",NA,NA,NA,NA,NA,"MOR0694"
"MOR0695","Morton7","H6","MOR695",NA,NA,NA,NA,NA,"MOR0695"
"MOR0696","Morton7","H7","MOR696",NA,NA,NA,NA,NA,"MOR0696"
"MOR0697","Morton7","H8","MOR697",NA,NA,NA,NA,NA,"MOR0697"
"MOR0698","Morton7","H9","MOR698",NA,NA,NA,NA,NA,"MOR0698"
"MOR0699","Morton7","H10","MOR699",NA,NA,NA,NA,NA,"MOR0699"
"MOR0700","Morton7","H11","MOR700",NA,NA,NA,NA,NA,"MOR0700"
"MOR0701","Morton8","A1","MOR701",NA,NA,NA,NA,NA,"MOR0701"
"MOR0702","Morton8","A2","MOR702",NA,NA,NA,NA,NA,"MOR0702"
"MOR0703","Morton8","A3","MOR703",NA,NA,NA,NA,NA,"MOR0703"
"MOR0704","Morton8","A4","MOR704",NA,NA,NA,NA,NA,"MOR0704"
"MOR0705","Morton8","A5","MOR705",NA,NA,NA,NA,NA,"MOR0705"
"MOR0706","Morton8","A6","MOR706",NA,NA,NA,NA,NA,"MOR0706"
"MOR0707","Morton8","A7","MOR707",NA,NA,NA,NA,NA,"MOR0707"
"MOR0708","Morton8","A8","MOR708",NA,NA,NA,NA,NA,"MOR0708"
"MOR0709","Morton8","A9","MOR709",NA,NA,NA,NA,NA,"MOR0709"
"MOR0710","Morton8","A10","MOR710",NA,NA,NA,NA,NA,"MOR0710"
"MOR0711","Morton8","A11","MOR711",NA,NA,NA,NA,NA,"MOR0711"
"MOR0712","Morton8","A12","MOR712",NA,NA,NA,NA,NA,"MOR0712"
"MOR0713","Morton8","B1","MOR713",NA,NA,NA,NA,NA,"MOR0713"
"MOR0714","Morton8","B2","MOR714",NA,NA,NA,NA,NA,"MOR0714"
"MOR0715","Morton8","B3","MOR715",NA,NA,NA,NA,NA,"MOR0715"
"MOR0716","Morton8","B4","MOR716",NA,NA,NA,NA,NA,"MOR0716"
"MOR0717","Morton8","B5","MOR717",NA,NA,NA,NA,NA,"MOR0717"
"MOR0718","Morton8","B6","MOR718",NA,NA,NA,NA,NA,"MOR0718"
"MOR0719","Morton8","B7","MOR719",NA,NA,NA,NA,NA,"MOR0719"
"MOR0720","Morton8","B8","MOR720",NA,NA,NA,NA,NA,"MOR0720"
"MOR0721","Morton8","B9","MOR721",NA,NA,NA,NA,NA,"MOR0721"
"MOR0722","Morton8","B10","MOR722",NA,NA,NA,NA,NA,"MOR0722"
"MOR0723","Morton8","B11","MOR723",NA,NA,NA,NA,NA,"MOR0723"
"MOR0724","Morton8","B12","MOR724",NA,NA,NA,NA,NA,"MOR0724"
"MOR0725","Morton8","C1","MOR725",NA,NA,NA,NA,NA,"MOR0725"
"MOR0726","Morton8","C2","MOR726",NA,NA,NA,NA,NA,"MOR0726"
"MOR0727","Morton8","C3","MOR727",NA,NA,NA,NA,NA,"MOR0727"
"MOR0728","Morton8","C4","MOR728",NA,NA,NA,NA,NA,"MOR0728"
"MOR0729","Morton8","C5","MOR729",NA,NA,NA,NA,NA,"MOR0729"
"MOR0730","Morton8","C6","MOR730",NA,NA,NA,NA,NA,"MOR0730"
"MOR0731","Morton8","C7","MOR731",NA,NA,NA,NA,NA,"MOR0731"
"MOR0732","Morton8","C8","MOR732",NA,NA,NA,NA,NA,"MOR0732"
"MOR0733","Morton8","C9","MOR733",NA,NA,NA,NA,NA,"MOR0733"
"MOR0734","Morton8","C10","MOR734",NA,NA,NA,NA,NA,"MOR0734"
"MOR0735","Morton8","C11","MOR735",NA,NA,NA,NA,NA,"MOR0735"
"MOR0736","Morton8","C12","MOR736",NA,NA,NA,NA,NA,"MOR0736"
"MOR0737","Morton8","D1","MOR737",NA,NA,NA,NA,NA,"MOR0737"
"MOR0738","Morton8","D2","MOR738",NA,NA,NA,NA,NA,"MOR0738"
"MOR0739","Morton8","D3","MOR739",NA,NA,NA,NA,NA,"MOR0739"
"MOR0740","Morton8","D4","MOR740",NA,NA,NA,NA,NA,"MOR0740"
"MOR0741","Morton8","D5","MOR741",NA,NA,NA,NA,NA,"MOR0741"
"MOR0742","Morton8","D6","MOR742",NA,NA,NA,NA,NA,"MOR0742"
"MOR0743","Morton8","D7","MOR743",NA,NA,NA,NA,NA,"MOR0743"
"MOR0744","Morton8","D8","MOR744",NA,NA,NA,NA,NA,"MOR0744"
"MOR0745","Morton8","D9","MOR745",NA,NA,NA,NA,NA,"MOR0745"
"MOR0746","Morton8","D10","MOR746",NA,NA,NA,NA,NA,"MOR0746"
"MOR0747","Morton8","D11","MOR747",NA,NA,NA,NA,NA,"MOR0747"
"MOR0748","Morton8","D12","MOR748",NA,NA,NA,NA,NA,"MOR0748"
"MOR0749","Morton8","E1","MOR749",NA,NA,NA,NA,NA,"MOR0749"
"MOR0750","Morton8","E2","MOR750",NA,NA,NA,NA,NA,"MOR0750"
"MOR0751","Morton8","E3","MOR751",NA,NA,NA,NA,NA,"MOR0751"
"MOR0752","Morton8","E4","MOR752",NA,NA,NA,NA,NA,"MOR0752"
"MOR0753","Morton8","E5","MOR753",NA,NA,NA,NA,NA,"MOR0753"
"MOR0754","Morton8","E6","MOR754",NA,NA,NA,NA,NA,"MOR0754"
"MOR0755","Morton8","E7","MOR755",NA,NA,NA,NA,NA,"MOR0755"
"MOR0756","Morton8","E8","MOR756",NA,NA,NA,NA,NA,"MOR0756"
"MOR0757","Morton8","E9","MOR757",NA,NA,NA,NA,NA,"MOR0757"
"MOR0758","Morton8","E10","MOR758",NA,NA,NA,NA,NA,"MOR0758"
"MOR0759","Morton8","E11","MOR759",NA,NA,NA,NA,NA,"MOR0759"
"MOR0760","Morton8","E12","MOR760",NA,NA,NA,NA,NA,"MOR0760"
"MOR0761","Morton8","F1","MOR761",NA,NA,NA,NA,NA,"MOR0761"
"MOR0762","Morton8","F2","MOR762",NA,NA,NA,NA,NA,"MOR0762"
"MOR0763","Morton8","F3","MOR763",NA,NA,NA,NA,NA,"MOR0763"
"MOR0764","Morton8","F4","MOR764",NA,NA,NA,NA,NA,"MOR0764"
"MOR0765","Morton8","F5","MOR765",NA,NA,NA,NA,NA,"MOR0765"
"MOR0766","Morton8","F6","MOR766",NA,NA,NA,NA,NA,"MOR0766"
"MOR0767","Morton8","F7","MOR767",NA,NA,NA,NA,NA,"MOR0767"
"MOR0768","Morton8","F8","MOR768",NA,NA,NA,NA,NA,"MOR0768"
"MOR0769","Morton8","F9","MOR769",NA,NA,NA,NA,NA,"MOR0769"
"MOR0770","Morton8","F10","MOR770",NA,NA,NA,NA,NA,"MOR0770"
"MOR0771","Morton8","F11","MOR771",NA,NA,NA,NA,NA,"MOR0771"
"MOR0772","Morton8","F12","MOR772",NA,NA,NA,NA,NA,"MOR0772"
"MOR0773","Morton8","G1","MOR773",NA,NA,NA,NA,NA,"MOR0773"
"MOR0774","Morton8","G2","MOR774",NA,NA,NA,NA,NA,"MOR0774"
"MOR0775","Morton8","G3","MOR775",NA,NA,NA,NA,NA,"MOR0775"
"MOR0776","Morton8","G4","MOR776",NA,NA,NA,NA,NA,"MOR0776"
"MOR0777","Morton8","G5","MOR777",NA,NA,NA,NA,NA,"MOR0777"
"MOR0778","Morton8","G6","MOR778",NA,NA,NA,NA,NA,"MOR0778"
"MOR0779","Morton8","G7","MOR779",NA,NA,NA,NA,NA,"MOR0779"
"MOR0780","Morton8","G8","MOR780",NA,NA,NA,NA,NA,"MOR0780"
"MOR0781","Morton8","G9","MOR781",NA,NA,NA,NA,NA,"MOR0781"
"MOR0782","Morton8","G10","MOR782",NA,NA,NA,NA,NA,"MOR0782"
"MOR0783","Morton8","G11","MOR783",NA,NA,NA,NA,NA,"MOR0783"
"MOR0784","Morton8","G12","MOR784",NA,NA,NA,NA,NA,"MOR0784"
"MOR0785","Morton8","H1","MOR785",NA,NA,NA,NA,NA,"MOR0785"
"MOR0786","Morton8","H2","MOR786",NA,NA,NA,NA,NA,"MOR0786"
"MOR0787","Morton8","H3","MOR787",NA,NA,NA,NA,NA,"MOR0787"
"MOR0788","Morton8","H4","MOR788",NA,NA,NA,NA,NA,"MOR0788"
"MOR0789","Morton8","H5","MOR789",NA,NA,NA,NA,NA,"MOR0789"
"MOR0790","Morton8","H6","MOR790",NA,NA,NA,NA,NA,"MOR0790"
"MOR0791","Morton8","H7","MOR791",NA,NA,NA,NA,NA,"MOR0791"
"MOR0792","Morton8","H8","MOR792",NA,NA,NA,NA,NA,"MOR0792"
"MOR0793","Morton8","H9","MOR793",NA,NA,NA,NA,NA,"MOR0793"
"MOR0794","Morton8","H10","MOR794",NA,NA,NA,NA,NA,"MOR0794"
"MOR0795","Morton8","H11","MOR795",NA,NA,NA,NA,NA,"MOR0795"
"MOR0796","Morton9","A1","MOR796",NA,NA,NA,NA,NA,"MOR0796"
"MOR0797","Morton9","A2","MOR797",NA,NA,NA,NA,NA,"MOR0797"
"MOR0798","Morton9","A3","MOR798",NA,NA,NA,NA,NA,"MOR0798"
"MOR0799","Morton9","A4","MOR799",NA,NA,NA,NA,NA,"MOR0799"
"MOR0800","Morton9","A5","MOR800",NA,NA,NA,NA,NA,"MOR0800"
"MOR0801","Morton9","A6","MOR801",NA,NA,NA,NA,NA,"MOR0801"
"MOR0802","Morton9","A7","MOR802",NA,NA,NA,NA,NA,"MOR0802"
"MOR0803","Morton9","A8","MOR803",NA,NA,NA,NA,NA,"MOR0803"
"MOR0804","Morton9","A9","MOR804",NA,NA,NA,NA,NA,"MOR0804"
"MOR0805","Morton9","A10","MOR805",NA,NA,NA,NA,NA,"MOR0805"
"MOR0806","Morton9","A11","MOR806",NA,NA,NA,NA,NA,"MOR0806"
"MOR0807","Morton9","A12","MOR807",NA,NA,NA,NA,NA,"MOR0807"
"MOR0808","Morton9","B1","MOR808",NA,NA,NA,NA,NA,"MOR0808"
"MOR0809","Morton9","B2","MOR809",NA,NA,NA,NA,NA,"MOR0809"
"MOR0810","Morton9","B3","MOR810",NA,NA,NA,NA,NA,"MOR0810"
"MOR0811","Morton9","B4","MOR811",NA,NA,NA,NA,NA,"MOR0811"
"MOR0812","Morton9","B5","MOR812",NA,NA,NA,NA,NA,"MOR0812"
"MOR0813","Morton9","B6","MOR813",NA,NA,NA,NA,NA,"MOR0813"
"MOR0814","Morton9","B7","MOR814",NA,NA,NA,NA,NA,"MOR0814"
"MOR0815","Morton9","B8","MOR815",NA,NA,NA,NA,NA,"MOR0815"
"MOR0816","Morton9","B9","MOR816",NA,NA,NA,NA,NA,"MOR0816"
"MOR0817","Morton9","B10","MOR817",NA,NA,NA,NA,NA,"MOR0817"
"MOR0818","Morton9","B11","MOR818",NA,NA,NA,NA,NA,"MOR0818"
"MOR0819","Morton9","B12","MOR819",NA,NA,NA,NA,NA,"MOR0819"
"MOR0820","Morton9","C1","MOR820",NA,NA,NA,NA,NA,"MOR0820"
"MOR0821","Morton9","C2","MOR821",NA,NA,NA,NA,NA,"MOR0821"
"MOR0822","Morton9","C3","MOR822",NA,NA,NA,NA,NA,"MOR0822"
"MOR0823","Morton9","C4","MOR823",NA,NA,NA,NA,NA,"MOR0823"
"MOR0824","Morton9","C5","MOR824",NA,NA,NA,NA,NA,"MOR0824"
"MOR0825","Morton9","C6","MOR825",NA,NA,NA,NA,NA,"MOR0825"
"MOR0826","Morton9","C7","MOR826",NA,NA,NA,NA,NA,"MOR0826"
"MOR0827","Morton9","C8","MOR827",NA,NA,NA,NA,NA,"MOR0827"
"MOR0828","Morton9","C9","MOR828",NA,NA,NA,NA,NA,"MOR0828"
"MOR0829","Morton9","C10","MOR829",NA,NA,NA,NA,NA,"MOR0829"
"MOR0830","Morton9","C11","MOR830",NA,NA,NA,NA,NA,"MOR0830"
"MOR0831","Morton9","C12","MOR831",NA,NA,NA,NA,NA,"MOR0831"
"MOR0832","Morton9","D1","MOR832",NA,NA,NA,NA,NA,"MOR0832"
"MOR0833","Morton9","D2","MOR833",NA,NA,NA,NA,NA,"MOR0833"
"MOR0834","Morton9","D3","MOR834",NA,NA,NA,NA,NA,"MOR0834"
"MOR0835","Morton9","D4","MOR835",NA,NA,NA,NA,NA,"MOR0835"
"MOR0836","Morton9","D5","MOR836",NA,NA,NA,NA,NA,"MOR0836"
"MOR0837","Morton9","D6","MOR837",NA,NA,NA,NA,NA,"MOR0837"
"MOR0838","Morton9","D7","MOR838",NA,NA,NA,NA,NA,"MOR0838"
"MOR0839","Morton9","D8","MOR839",NA,NA,NA,NA,NA,"MOR0839"
"MOR0840","Morton9","D9","MOR840",NA,NA,NA,NA,NA,"MOR0840"
"MOR0841","Morton9","D10","MOR841",NA,NA,NA,NA,NA,"MOR0841"
"MOR0842","Morton9","D11","MOR842",NA,NA,NA,NA,NA,"MOR0842"
"MOR0843","Morton9","D12","MOR843",NA,NA,NA,NA,NA,"MOR0843"
"MOR0844","Morton9","E1","MOR844",NA,NA,NA,NA,NA,"MOR0844"
"MOR0845","Morton9","E2","MOR845",NA,NA,NA,NA,NA,"MOR0845"
"MOR0846","Morton9","E3","MOR846",NA,NA,NA,NA,NA,"MOR0846"
"MOR0847","Morton9","E4","MOR847",NA,NA,NA,NA,NA,"MOR0847"
"MOR0848","Morton9","E5","MOR848",NA,NA,NA,NA,NA,"MOR0848"
"MOR0849","Morton9","E6","MOR849",NA,NA,NA,NA,NA,"MOR0849"
"MOR0850","Morton9","E7","MOR850",NA,NA,NA,NA,NA,"MOR0850"
"MOR0852","Morton9","E8","MOR852",NA,NA,NA,NA,NA,"MOR0852"
"MOR0853","Morton9","E9","MOR853",NA,NA,NA,NA,NA,"MOR0853"
"MOR0854","Morton9","E10","MOR854",NA,NA,NA,NA,NA,"MOR0854"
"MOR0856","Morton9","E11","MOR856",NA,NA,NA,NA,NA,"MOR0856"
"MOR0857","Morton9","E12","MOR857",NA,NA,NA,NA,NA,"MOR0857"
"MOR0858","Morton9","F1","MOR858",NA,NA,NA,NA,NA,"MOR0858"
"MOR0859","Morton9","F2","MOR859",NA,NA,NA,NA,NA,"MOR0859"
"MOR0860","Morton9","F3","MOR860",NA,NA,NA,NA,NA,"MOR0860"
"MOR0861","Morton9","F4","MOR861",NA,NA,NA,NA,NA,"MOR0861"
"MOR0862","Morton9","F5","MOR862",NA,NA,NA,NA,NA,"MOR0862"
"MOR0863","Morton9","F6","MOR863",NA,NA,NA,NA,NA,"MOR0863"
"MOR0864","Morton9","F7","MOR864",NA,NA,NA,NA,NA,"MOR0864"
"MOR0865","Morton9","F8","MOR865",NA,NA,NA,NA,NA,"MOR0865"
"MOR0866","Morton9","F9","MOR866",NA,NA,NA,NA,NA,"MOR0866"
"MOR0867","Morton9","F10","MOR867",NA,NA,NA,NA,NA,"MOR0867"
"MOR0868","Morton9","F11","MOR868",NA,NA,NA,NA,NA,"MOR0868"
"MOR0869","Morton9","F12","MOR869",NA,NA,NA,NA,NA,"MOR0869"
"MOR0870","Morton9","G1","MOR870",NA,NA,NA,NA,NA,"MOR0870"
"MOR0871","Morton9","G2","MOR871",NA,NA,NA,NA,NA,"MOR0871"
"MOR0872","Morton9","G3","MOR872",NA,NA,NA,NA,NA,"MOR0872"
"MOR0873","Morton9","G4","MOR873",NA,NA,NA,NA,NA,"MOR0873"
"MOR0874","Morton9","G5","MOR874",NA,NA,NA,NA,NA,"MOR0874"
"MOR0875","Morton9","G6","MOR875",NA,NA,NA,NA,NA,"MOR0875"
"MOR0876","Morton9","G7","MOR876",NA,NA,NA,NA,NA,"MOR0876"
"MOR0877","Morton9","G8","MOR877",NA,NA,NA,NA,NA,"MOR0877"
"MOR0878","Morton9","G9","MOR878",NA,NA,NA,NA,NA,"MOR0878"
"MOR0879","Morton9","G10","MOR879",NA,NA,NA,NA,NA,"MOR0879"
"MOR0880","Morton9","G11","MOR880",NA,NA,NA,NA,NA,"MOR0880"
"MOR0881","Morton9","G12","MOR881",NA,NA,NA,NA,NA,"MOR0881"
"MOR0882","Morton9","H1","MOR882",NA,NA,NA,NA,NA,"MOR0882"
"MOR0883","Morton9","H2","MOR883",NA,NA,NA,NA,NA,"MOR0883"
"MOR0884","Morton9","H3","MOR884",NA,NA,NA,NA,NA,"MOR0884"
"MOR0885","Morton9","H4","MOR885",NA,NA,NA,NA,NA,"MOR0885"
"MOR0886","Morton9","H5","MOR886",NA,NA,NA,NA,NA,"MOR0886"
"MOR0887","Morton9","H6","MOR887",NA,NA,NA,NA,NA,"MOR0887"
"MOR0888","Morton9","H7","MOR888",NA,NA,NA,NA,NA,"MOR0888"
"MOR0889","Morton9","H8","MOR889",NA,NA,NA,NA,NA,"MOR0889"
"MOR0890","Morton9","H9","MOR890",NA,NA,NA,NA,NA,"MOR0890"
"MOR0891","Morton9","H10","MOR891",NA,NA,NA,NA,NA,"MOR0891"
"MOR0892","Morton9","H11","MOR892",NA,NA,NA,NA,NA,"MOR0892"
"MOR0893","Morton10","A1","MOR893",NA,NA,NA,NA,NA,"MOR0893"
"MOR0894","Morton10","A2","MOR894",NA,NA,NA,NA,NA,"MOR0894"
"MOR0895","Morton10","A3","MOR895",NA,NA,NA,NA,NA,"MOR0895"
"MOR0896","Morton10","A4","MOR896",NA,NA,NA,NA,NA,"MOR0896"
"MOR0897","Morton10","A5","MOR897",NA,NA,NA,NA,NA,"MOR0897"
"MOR0898","Morton10","A6","MOR898",NA,NA,NA,NA,NA,"MOR0898"
"MOR0899","Morton10","A7","MOR899",NA,NA,NA,NA,NA,"MOR0899"
"MOR0900","Morton10","A8","MOR900",NA,NA,NA,NA,NA,"MOR0900"
"MOR0901","Morton10","A9","MOR901",NA,NA,NA,NA,NA,"MOR0901"
"MOR0902","Morton10","A10","MOR902",NA,NA,NA,NA,NA,"MOR0902"
"MOR0903","Morton10","A11","MOR903",NA,NA,NA,NA,NA,"MOR0903"
"MOR0904","Morton10","A12","MOR904",NA,NA,NA,NA,NA,"MOR0904"
"MOR0905","Morton10","B1","MOR905",NA,NA,NA,NA,NA,"MOR0905"
"MOR0906","Morton10","B2","MOR906",NA,NA,NA,NA,NA,"MOR0906"
"MOR0907","Morton10","B3","MOR907",NA,NA,NA,NA,NA,"MOR0907"
"MOR0908","Morton10","B4","MOR908",NA,NA,NA,NA,NA,"MOR0908"
"MOR0909","Morton10","B5","MOR909",NA,NA,NA,NA,NA,"MOR0909"
"MOR0910","Morton10","B6","MOR910",NA,NA,NA,NA,NA,"MOR0910"
"MOR0911","Morton10","B7","MOR911",NA,NA,NA,NA,NA,"MOR0911"
"MOR0912","Morton10","B8","MOR912",NA,NA,NA,NA,NA,"MOR0912"
"MOR0913","Morton10","B9","MOR913",NA,NA,NA,NA,NA,"MOR0913"
"MOR0914","Morton10","B10","MOR914",NA,NA,NA,NA,NA,"MOR0914"
"MOR0915","Morton10","B11","MOR915",NA,NA,NA,NA,NA,"MOR0915"
"MOR0916","Morton10","B12","MOR916",NA,NA,NA,NA,NA,"MOR0916"
"MOR0917","Morton10","C1","MOR917",NA,NA,NA,NA,NA,"MOR0917"
"MOR0918","Morton10","C2","MOR918",NA,NA,NA,NA,NA,"MOR0918"
"MOR0919","Morton10","C3","MOR919",NA,NA,NA,NA,NA,"MOR0919"
"MOR0920","Morton10","C4","MOR920",NA,NA,NA,NA,NA,"MOR0920"
"MOR0921","Morton10","C5","MOR921",NA,NA,NA,NA,NA,"MOR0921"
"MOR0922","Morton10","C6","MOR922",NA,NA,NA,NA,NA,"MOR0922"
"MOR0923","Morton10","C7","MOR923",NA,NA,NA,NA,NA,"MOR0923"
"MOR0924","Morton10","C8","MOR924",NA,NA,NA,NA,NA,"MOR0924"
"MOR0925","Morton10","C9","MOR925",NA,NA,NA,NA,NA,"MOR0925"
"MOR0926","Morton10","C10","MOR926",NA,NA,NA,NA,NA,"MOR0926"
"MOR0927","Morton10","C11","MOR927",NA,NA,NA,NA,NA,"MOR0927"
"MOR0928","Morton10","C12","MOR928",NA,NA,NA,NA,NA,"MOR0928"
"MOR0929","Morton10","D1","MOR929",NA,NA,NA,NA,NA,"MOR0929"
"MOR0930","Morton10","D2","MOR930",NA,NA,NA,NA,NA,"MOR0930"
"MOR0931","Morton10","D3","MOR931",NA,NA,NA,NA,NA,"MOR0931"
"MOR0932","Morton10","D4","MOR932",NA,NA,NA,NA,NA,"MOR0932"
"MOR0933","Morton10","D5","MOR933",NA,NA,NA,NA,NA,"MOR0933"
"MOR0934","Morton10","D6","MOR934",NA,NA,NA,NA,NA,"MOR0934"
"MOR0935","Morton10","D7","MOR935",NA,NA,NA,NA,NA,"MOR0935"
"MOR0936","Morton10","D8","MOR936",NA,NA,NA,NA,NA,"MOR0936"
"MOR0937","Morton10","D9","MOR937",NA,NA,NA,NA,NA,"MOR0937"
"MOR0938","Morton10","D10","MOR938",NA,NA,NA,NA,NA,"MOR0938"
"MOR0939","Morton10","D11","MOR939",NA,NA,NA,NA,NA,"MOR0939"
"MOR0940","Morton10","D12","MOR940",NA,NA,NA,NA,NA,"MOR0940"
"MOR0941","Morton10","E1","MOR941",NA,NA,NA,NA,NA,"MOR0941"
"MOR0942","Morton10","E2","MOR942",NA,NA,NA,NA,NA,"MOR0942"
"MOR0943","Morton10","E3","MOR943",NA,NA,NA,NA,NA,"MOR0943"
"MOR0944","Morton10","E4","MOR944",NA,NA,NA,NA,NA,"MOR0944"
"MOR0945","Morton10","E5","MOR945",NA,NA,NA,NA,NA,"MOR0945"
"MOR0946","Morton10","E6","MOR946",NA,NA,NA,NA,NA,"MOR0946"
"MOR0947","Morton10","E7","MOR947",NA,NA,NA,NA,NA,"MOR0947"
"MOR0948","Morton10","E8","MOR948",NA,NA,NA,NA,NA,"MOR0948"
"MOR0949","Morton10","E9","MOR949",NA,NA,NA,NA,NA,"MOR0949"
"MOR0950","Morton10","E10","MOR950",NA,NA,NA,NA,NA,"MOR0950"
"MOR0951","Morton10","E11","MOR951",NA,NA,NA,NA,NA,"MOR0951"
"MOR0952","Morton10","E12","MOR952",NA,NA,NA,NA,NA,"MOR0952"
"MOR0953","Morton10","F1","MOR953",NA,NA,NA,NA,NA,"MOR0953"
"MOR0954","Morton10","F2","MOR954",NA,NA,NA,NA,NA,"MOR0954"
"MOR0955","Morton10","F3","MOR955",NA,NA,NA,NA,NA,"MOR0955"
"MOR0956","Morton10","F4","MOR956",NA,NA,NA,NA,NA,"MOR0956"
"MOR0957","Morton10","F5","MOR957",NA,NA,NA,NA,NA,"MOR0957"
"MOR0958","Morton10","F6","MOR958",NA,NA,NA,NA,NA,"MOR0958"
"MOR0959","Morton10","F7","MOR959",NA,NA,NA,NA,NA,"MOR0959"
"MOR0960","Morton10","F8","MOR960",NA,NA,NA,NA,NA,"MOR0960"
"MOR0961","Morton10","F9","MOR961",NA,NA,NA,NA,NA,"MOR0961"
"MOR0962","Morton10","F10","MOR962",NA,NA,NA,NA,NA,"MOR0962"
"MOR0963","Morton10","F11","MOR963",NA,NA,NA,NA,NA,"MOR0963"
"MOR0964","Morton10","F12","MOR964",NA,NA,NA,NA,NA,"MOR0964"
"MOR0965","Morton10","G1","MOR965",NA,NA,NA,NA,NA,"MOR0965"
"MOR0966","Morton10","G2","MOR966",NA,NA,NA,NA,NA,"MOR0966"
"MOR0967","Morton10","G3","MOR967",NA,NA,NA,NA,NA,"MOR0967"
"MOR0968","Morton10","G4","MOR968",NA,NA,NA,NA,NA,"MOR0968"
"MOR0969","Morton10","G5","MOR969",NA,NA,NA,NA,NA,"MOR0969"
"MOR0970","Morton10","G6","MOR970",NA,NA,NA,NA,NA,"MOR0970"
"MOR0971","Morton10","G7","MOR971",NA,NA,NA,NA,NA,"MOR0971"
"MOR0972","Morton10","G8","MOR972",NA,NA,NA,NA,NA,"MOR0972"
"MOR0973","Morton10","G9","MOR973",NA,NA,NA,NA,NA,"MOR0973"
"MOR0974","Morton10","G10","MOR974",NA,NA,NA,NA,NA,"MOR0974"
"MOR0975","Morton10","G11","MOR975",NA,NA,NA,NA,NA,"MOR0975"
"MOR0976","Morton10","G12","MOR976",NA,NA,NA,NA,NA,"MOR0976"
"MOR0977","Morton10","H1","MOR977",NA,NA,NA,NA,NA,"MOR0977"
"MOR0978","Morton10","H2","MOR978",NA,NA,NA,NA,NA,"MOR0978"
"MOR0979","Morton10","H3","MOR979",NA,NA,NA,NA,NA,"MOR0979"
"MOR0980","Morton10","H4","MOR980",NA,NA,NA,NA,NA,"MOR0980"
"MOR0981","Morton10","H5","MOR981",NA,NA,NA,NA,NA,"MOR0981"
"MOR0982","Morton10","H6","MOR982",NA,NA,NA,NA,NA,"MOR0982"
"MOR0983","Morton10","H7","MOR983",NA,NA,NA,NA,NA,"MOR0983"
"MOR0984","Morton10","H8","MOR984",NA,NA,NA,NA,NA,"MOR0984"
"MOR0985","Morton10","H9","MOR985",NA,NA,NA,NA,NA,"MOR0985"
"MOR0986","Morton10","H10","MOR986",NA,NA,NA,NA,NA,"MOR0986"
"MOR0987","Morton10","H11","MOR987",NA,NA,NA,NA,NA,"MOR0987"
"MOR0855","Morton11","A1","MOR855",NA,NA,NA,NA,NA,"MOR0855"
"MOR0988","Morton11","A2","MOR988",NA,NA,NA,NA,NA,"MOR0988"
"MOR0989","Morton11","A3","MOR989",NA,NA,NA,NA,NA,"MOR0989"
"MOR0990","Morton11","A4","MOR990",NA,NA,NA,NA,NA,"MOR0990"
"MOR0991","Morton11","A5","MOR991",NA,NA,NA,NA,NA,"MOR0991"
"MOR0992","Morton11","A6","MOR992",NA,NA,NA,NA,NA,"MOR0992"
"MOR0993","Morton11","A7","MOR993",NA,NA,NA,NA,NA,"MOR0993"
"MOR0994","Morton11","A8","MOR994",NA,NA,NA,NA,NA,"MOR0994"
"MOR0995","Morton11","A9","MOR995",NA,NA,NA,NA,NA,"MOR0995"
"MOR0996","Morton11","A10","MOR996",NA,NA,NA,NA,NA,"MOR0996"
"MOR0997","Morton11","A11","MOR997",NA,NA,NA,NA,NA,"MOR0997"
"MOR0998","Morton11","A12","MOR998",NA,NA,NA,NA,NA,"MOR0998"
"MOR1000","Morton11","B1","MOR1000",NA,NA,NA,NA,NA,"MOR1000"
"MOR0999","Morton11","B2","MOR999",NA,NA,NA,NA,NA,"MOR0999"
"SYST.MOR.0006717","Morton12","A1","SYST-MOR-0006717",NA,NA,NA,NA,NA,"SYST.MOR.0006717"
"SYST.MOR.0006718","Morton12","A2","SYST-MOR-0006718",NA,NA,NA,NA,NA,"SYST.MOR.0006718"
"SYST.MOR.0006719","Morton12","A3","SYST-MOR-0006719",NA,NA,NA,NA,NA,"SYST.MOR.0006719"
"SYST.MOR.0006726","Morton12","A4","SYST-MOR-0006726",NA,NA,NA,NA,NA,"SYST.MOR.0006726"
"SYST.MOR.0006727","Morton12","A5","SYST-MOR-0006727",NA,NA,NA,NA,NA,"SYST.MOR.0006727"
"SYST.MOR.0006728","Morton12","A6","SYST-MOR-0006728",NA,NA,NA,NA,NA,"SYST.MOR.0006728"
"SYST.MOR.0006730","Morton12","A7","SYST-MOR-0006730",NA,NA,NA,NA,NA,"SYST.MOR.0006730"
"SYST.MOR.0006732","Morton12","A8","SYST-MOR-0006732",NA,NA,NA,NA,NA,"SYST.MOR.0006732"
"SYST.MOR.0006742","Morton12","A9","SYST-MOR-0006742",NA,NA,NA,NA,NA,"SYST.MOR.0006742"
"SYST.MOR.0006743","Morton12","A10","SYST-MOR-0006743",NA,NA,NA,NA,NA,"SYST.MOR.0006743"
"SYST.MOR.0006744","Morton12","A11","SYST-MOR-0006744",NA,NA,NA,NA,NA,"SYST.MOR.0006744"
"SYST.MOR.0006746","Morton12","A12","SYST-MOR-0006746",NA,NA,NA,NA,NA,"SYST.MOR.0006746"
"SYST.MOR.0006747","Morton12","B1","SYST-MOR-0006747",NA,NA,NA,NA,NA,"SYST.MOR.0006747"
"SYST.MOR.0006748","Morton12","B2","SYST-MOR-0006748",NA,NA,NA,NA,NA,"SYST.MOR.0006748"
"SYST.MOR.0006749","Morton12","B3","SYST-MOR-0006749",NA,NA,NA,NA,NA,"SYST.MOR.0006749"
"SYST.MOR.0006755","Morton12","B4","SYST-MOR-0006755",NA,NA,NA,NA,NA,"SYST.MOR.0006755"
"SYST.MOR.0006756","Morton12","B5","SYST-MOR-0006756",NA,NA,NA,NA,NA,"SYST.MOR.0006756"
"SYST.MOR.0006757","Morton12","B6","SYST-MOR-0006757",NA,NA,NA,NA,NA,"SYST.MOR.0006757"
"SYST.MOR.0006762","Morton12","B7","SYST-MOR-0006762",NA,NA,NA,NA,NA,"SYST.MOR.0006762"
"SYST.MOR.0006766","Morton12","B8","SYST-MOR-0006766",NA,NA,NA,NA,NA,"SYST.MOR.0006766"
"SYST.MOR.0006768","Morton12","B9","SYST-MOR-0006768",NA,NA,NA,NA,NA,"SYST.MOR.0006768"
"SYST.MOR.0006771","Morton12","B10","SYST-MOR-0006771",NA,NA,NA,NA,NA,"SYST.MOR.0006771"
"SYST.MOR.0006773","Morton12","B11","SYST-MOR-0006773",NA,NA,NA,NA,NA,"SYST.MOR.0006773"
"SYST.MOR.0006774","Morton12","B12","SYST-MOR-0006774",NA,NA,NA,NA,NA,"SYST.MOR.0006774"
"SYST.MOR.0006775","Morton12","C1","SYST-MOR-0006775",NA,NA,NA,NA,NA,"SYST.MOR.0006775"
"SYST.MOR.0006776","Morton12","C2","SYST-MOR-0006776",NA,NA,NA,NA,NA,"SYST.MOR.0006776"
"SYST.MOR.0006777","Morton12","C3","SYST-MOR-0006777",NA,NA,NA,NA,NA,"SYST.MOR.0006777"
"SYST.MOR.0006784","Morton12","C4","SYST-MOR-0006784",NA,NA,NA,NA,NA,"SYST.MOR.0006784"
"SYST.MOR.0006785","Morton12","C5","SYST-MOR-0006785",NA,NA,NA,NA,NA,"SYST.MOR.0006785"
"SYST.MOR.0006787","Morton12","C6","SYST-MOR-0006787",NA,NA,NA,NA,NA,"SYST.MOR.0006787"
"SYST.MOR.0006788","Morton12","C7","SYST-MOR-0006788",NA,NA,NA,NA,NA,"SYST.MOR.0006788"
"SYST.MOR.0006789","Morton12","C8","SYST-MOR-0006789",NA,NA,NA,NA,NA,"SYST.MOR.0006789"
"SYST.MOR.0006795","Morton12","C9","SYST-MOR-0006795",NA,NA,NA,NA,NA,"SYST.MOR.0006795"
"SYST.MOR.0006796","Morton12","C10","SYST-MOR-0006796",NA,NA,NA,NA,NA,"SYST.MOR.0006796"
"SYST.MOR.0006797","Morton12","C11","SYST-MOR-0006797",NA,NA,NA,NA,NA,"SYST.MOR.0006797"
"SYST.MOR.0006800","Morton12","C12","SYST-MOR-0006800",NA,NA,NA,NA,NA,"SYST.MOR.0006800"
"SYST.MOR.0006807","Morton12","D1","SYST-MOR-0006807",NA,NA,NA,NA,NA,"SYST.MOR.0006807"
"SYST.MOR.0006808","Morton12","D2","SYST-MOR-0006808",NA,NA,NA,NA,NA,"SYST.MOR.0006808"
"SYST.MOR.0006809","Morton12","D3","SYST-MOR-0006809",NA,NA,NA,NA,NA,"SYST.MOR.0006809"
"SYST.MOR.0006815","Morton12","D4","SYST-MOR-0006815",NA,NA,NA,NA,NA,"SYST.MOR.0006815"
"SYST.MOR.0006822","Morton12","D5","SYST-MOR-0006822",NA,NA,NA,NA,NA,"SYST.MOR.0006822"
"SYST.MOR.0006830","Morton12","D6","SYST-MOR-0006830",NA,NA,NA,NA,NA,"SYST.MOR.0006830"
"SYST.MOR.0006831","Morton12","D7","SYST-MOR-0006831",NA,NA,NA,NA,NA,"SYST.MOR.0006831"
"SYST.MOR.0006832","Morton12","D8","SYST-MOR-0006832",NA,NA,NA,NA,NA,"SYST.MOR.0006832"
"SYST.MOR.0006834","Morton12","D9","SYST-MOR-0006834",NA,NA,NA,NA,NA,"SYST.MOR.0006834"
"SYST.MOR.0006835","Morton12","D10","SYST-MOR-0006835",NA,NA,NA,NA,NA,"SYST.MOR.0006835"
"SYST.MOR.0006838","Morton12","D11","SYST-MOR-0006838",NA,NA,NA,NA,NA,"SYST.MOR.0006838"
"SYST.MOR.0006841","Morton12","D12","SYST-MOR-0006841",NA,NA,NA,NA,NA,"SYST.MOR.0006841"
"SYST.MOR.0006846","Morton12","E1","SYST-MOR-0006846",NA,NA,NA,NA,NA,"SYST.MOR.0006846"
"SYST.MOR.0006848","Morton12","E2","SYST-MOR-0006848",NA,NA,NA,NA,NA,"SYST.MOR.0006848"
"SYST.MOR.0006849","Morton12","E3","SYST-MOR-0006849",NA,NA,NA,NA,NA,"SYST.MOR.0006849"
"SYST.MOR.0006856","Morton12","E4","SYST-MOR-0006856",NA,NA,NA,NA,NA,"SYST.MOR.0006856"
"SYST.MOR.0006874","Morton12","E5","SYST-MOR-0006874",NA,NA,NA,NA,NA,"SYST.MOR.0006874"
"SYST.MOR.0006877","Morton12","E6","SYST-MOR-0006877",NA,NA,NA,NA,NA,"SYST.MOR.0006877"
"SYST.MOR.0006880","Morton12","E7","SYST-MOR-0006880",NA,NA,NA,NA,NA,"SYST.MOR.0006880"
"SYST.MOR.0006881","Morton12","E8","SYST-MOR-0006881",NA,NA,NA,NA,NA,"SYST.MOR.0006881"
"SYST.MOR.0006882","Morton12","E9","SYST-MOR-0006882",NA,NA,NA,NA,NA,"SYST.MOR.0006882"
"SYST.MOR.0006887","Morton12","E10","SYST-MOR-0006887",NA,NA,NA,NA,NA,"SYST.MOR.0006887"
"SYST.MOR.0006888","Morton12","E11","SYST-MOR-0006888",NA,NA,NA,NA,NA,"SYST.MOR.0006888"
"SYST.MOR.0006889","Morton12","E12","SYST-MOR-0006889",NA,NA,NA,NA,NA,"SYST.MOR.0006889"
"SYST.MOR.0006895","Morton12","F1","SYST-MOR-0006895",NA,NA,NA,NA,NA,"SYST.MOR.0006895"
"SYST.MOR.0006896","Morton12","F2","SYST-MOR-0006896",NA,NA,NA,NA,NA,"SYST.MOR.0006896"
"SYST.MOR.0006898","Morton12","F3","SYST-MOR-0006898",NA,NA,NA,NA,NA,"SYST.MOR.0006898"
"SYST.MOR.0006900","Morton12","F4","SYST-MOR-0006900",NA,NA,NA,NA,NA,"SYST.MOR.0006900"
"SYST.MOR.0006914","Morton12","F5","SYST-MOR-0006914",NA,NA,NA,NA,NA,"SYST.MOR.0006914"
"SYST.MOR.0006916","Morton12","F6","SYST-MOR-0006916",NA,NA,NA,NA,NA,"SYST.MOR.0006916"
"SYST.MOR.0006917","Morton12","F7","SYST-MOR-0006917",NA,NA,NA,NA,NA,"SYST.MOR.0006917"
"SYST.MOR.0006918","Morton12","F8","SYST-MOR-0006918",NA,NA,NA,NA,NA,"SYST.MOR.0006918"
"SYST.MOR.0006919","Morton12","F9","SYST-MOR-0006919",NA,NA,NA,NA,NA,"SYST.MOR.0006919"
"SYST.MOR.0006920","Morton12","F10","SYST-MOR-0006920",NA,NA,NA,NA,NA,"SYST.MOR.0006920"
"SYST.MOR.0006921","Morton12","F11","SYST-MOR-0006921",NA,NA,NA,NA,NA,"SYST.MOR.0006921"
"SYST.MOR.0006922","Morton12","F12","SYST-MOR-0006922",NA,NA,NA,NA,NA,"SYST.MOR.0006922"
"SYST.MOR.0006923","Morton12","G1","SYST-MOR-0006923",NA,NA,NA,NA,NA,"SYST.MOR.0006923"
"SYST.MOR.0006924","Morton12","G2","SYST-MOR-0006924",NA,NA,NA,NA,NA,"SYST.MOR.0006924"
"SYST.MOR.0006925","Morton12","G3","SYST-MOR-0006925",NA,NA,NA,NA,NA,"SYST.MOR.0006925"
"SYST.MOR.0006927","Morton12","G4","SYST-MOR-0006927",NA,NA,NA,NA,NA,"SYST.MOR.0006927"
"SYST.MOR.0006929","Morton12","G5","SYST-MOR-0006929",NA,NA,NA,NA,NA,"SYST.MOR.0006929"
"SYST.MOR.0006930","Morton12","G6","SYST-MOR-0006930",NA,NA,NA,NA,NA,"SYST.MOR.0006930"
"SYST.MOR.0006938","Morton12","G7","SYST-MOR-0006938",NA,NA,NA,NA,NA,"SYST.MOR.0006938"
"SYST.MOR.0006939","Morton12","G8","SYST-MOR-0006939",NA,NA,NA,NA,NA,"SYST.MOR.0006939"
"SYST.MOR.0006946","Morton12","G9","SYST-MOR-0006946",NA,NA,NA,NA,NA,"SYST.MOR.0006946"
"SYST.MOR.0006949","Morton12","G10","SYST-MOR-0006949",NA,NA,NA,NA,NA,"SYST.MOR.0006949"
"SYST.MOR.0006951","Morton12","G11","SYST-MOR-0006951",NA,NA,NA,NA,NA,"SYST.MOR.0006951"
"SYST.MOR.0006952","Morton12","G12","SYST-MOR-0006952",NA,NA,NA,NA,NA,"SYST.MOR.0006952"
"SYST.MOR.0006964","Morton12","H1","SYST-MOR-0006964",NA,NA,NA,NA,NA,"SYST.MOR.0006964"
"SYST.MOR.0006965","Morton12","H2","SYST-MOR-0006965",NA,NA,NA,NA,NA,"SYST.MOR.0006965"
"SYST.MOR.0006970","Morton12","H3","SYST-MOR-0006970",NA,NA,NA,NA,NA,"SYST.MOR.0006970"
"SYST.MOR.0006971","Morton12","H4","SYST-MOR-0006971",NA,NA,NA,NA,NA,"SYST.MOR.0006971"
"SYST.MOR.0006972","Morton12","H5","SYST-MOR-0006972",NA,NA,NA,NA,NA,"SYST.MOR.0006972"
"SYST.MOR.0006974","Morton12","H6","SYST-MOR-0006974",NA,NA,NA,NA,NA,"SYST.MOR.0006974"
"SYST.MOR.0006976","Morton12","H7","SYST-MOR-0006976",NA,NA,NA,NA,NA,"SYST.MOR.0006976"
"SYST.MOR.0006978","Morton12","H8","SYST-MOR-0006978",NA,NA,NA,NA,NA,"SYST.MOR.0006978"
"SYST.MOR.0006985","Morton12","H9","SYST-MOR-0006985",NA,NA,NA,NA,NA,"SYST.MOR.0006985"
"SYST.MOR.0006987","Morton12","H10","SYST-MOR-0006987",NA,NA,NA,NA,NA,"SYST.MOR.0006987"
"SYST.MOR.0006989","Morton12","H11","SYST-MOR-0006989",NA,NA,NA,NA,NA,"SYST.MOR.0006989"
"SYST.MOR.0006994","Morton13","A1","SYST-MOR-0006994",NA,NA,NA,NA,NA,"SYST.MOR.0006994"
"SYST.MOR.0006995","Morton13","A2","SYST-MOR-0006995",NA,NA,NA,NA,NA,"SYST.MOR.0006995"
"SYST.MOR.0006996","Morton13","A3","SYST-MOR-0006996",NA,NA,NA,NA,NA,"SYST.MOR.0006996"
"SYST.MOR.0007004","Morton13","A4","SYST-MOR-0007004",NA,NA,NA,NA,NA,"SYST.MOR.0007004"
"SYST.MOR.0007005","Morton13","A5","SYST-MOR-0007005",NA,NA,NA,NA,NA,"SYST.MOR.0007005"
"SYST.MOR.0007006","Morton13","A6","SYST-MOR-0007006",NA,NA,NA,NA,NA,"SYST.MOR.0007006"
"SYST.MOR.0007008","Morton13","A7","SYST-MOR-0007008",NA,NA,NA,NA,NA,"SYST.MOR.0007008"
"SYST.MOR.0007017","Morton13","A8","SYST-MOR-0007017",NA,NA,NA,NA,NA,"SYST.MOR.0007017"
"SYST.MOR.0007019","Morton13","A9","SYST-MOR-0007019",NA,NA,NA,NA,NA,"SYST.MOR.0007019"
"SYST.MOR.0007021","Morton13","A10","SYST-MOR-0007021",NA,NA,NA,NA,NA,"SYST.MOR.0007021"
"SYST.MOR.0007023","Morton13","A11","SYST-MOR-0007023",NA,NA,NA,NA,NA,"SYST.MOR.0007023"
"SYST.MOR.0007025","Morton13","A12","SYST-MOR-0007025",NA,NA,NA,NA,NA,"SYST.MOR.0007025"
"SYST.MOR.0007031","Morton13","B1","SYST-MOR-0007031",NA,NA,NA,NA,NA,"SYST.MOR.0007031"
"SYST.MOR.0007034","Morton13","B2","SYST-MOR-0007034",NA,NA,NA,NA,NA,"SYST.MOR.0007034"
"SYST.MOR.0007041","Morton13","B3","SYST-MOR-0007041",NA,NA,NA,NA,NA,"SYST.MOR.0007041"
"SYST.MOR.0007051","Morton13","B4","SYST-MOR-0007051",NA,NA,NA,NA,NA,"SYST.MOR.0007051"
"SYST.MOR.0007052","Morton13","B5","SYST-MOR-0007052",NA,NA,NA,NA,NA,"SYST.MOR.0007052"
"SYST.MOR.0007053","Morton13","B6","SYST-MOR-0007053",NA,NA,NA,NA,NA,"SYST.MOR.0007053"
"SYST.MOR.0007055","Morton13","B7","SYST-MOR-0007055",NA,NA,NA,NA,NA,"SYST.MOR.0007055"
"SYST.MOR.0007060","Morton13","B8","SYST-MOR-0007060",NA,NA,NA,NA,NA,"SYST.MOR.0007060"
"SYST.MOR.0007062","Morton13","B9","SYST-MOR-0007062",NA,NA,NA,NA,NA,"SYST.MOR.0007062"
"SYST.MOR.0007063","Morton13","B10","SYST-MOR-0007063",NA,NA,NA,NA,NA,"SYST.MOR.0007063"
"SYST.MOR.0007075","Morton13","B11","SYST-MOR-0007075",NA,NA,NA,NA,NA,"SYST.MOR.0007075"
"SYST.MOR.0007077","Morton13","B12","SYST-MOR-0007077",NA,NA,NA,NA,NA,"SYST.MOR.0007077"
"SYST.MOR.0007089","Morton13","C1","SYST-MOR-0007089",NA,NA,NA,NA,NA,"SYST.MOR.0007089"
"SYST.MOR.0007090","Morton13","C2","SYST-MOR-0007090",NA,NA,NA,NA,NA,"SYST.MOR.0007090"
"SYST.MOR.0007093","Morton13","C3","SYST-MOR-0007093",NA,NA,NA,NA,NA,"SYST.MOR.0007093"
"SYST.MOR.0007094","Morton13","C4","SYST-MOR-0007094",NA,NA,NA,NA,NA,"SYST.MOR.0007094"
"SYST.MOR.0007095","Morton13","C5","SYST-MOR-0007095",NA,NA,NA,NA,NA,"SYST.MOR.0007095"
"SYST.MOR.0007097","Morton13","C6","SYST-MOR-0007097",NA,NA,NA,NA,NA,"SYST.MOR.0007097"
"SYST.MOR.0007098","Morton13","C7","SYST-MOR-0007098",NA,NA,NA,NA,NA,"SYST.MOR.0007098"
"SYST.MOR.0007099","Morton13","C8","SYST-MOR-0007099",NA,NA,NA,NA,NA,"SYST.MOR.0007099"
"SYST.MOR.0007100","Morton13","C9","SYST-MOR-0007100",NA,NA,NA,NA,NA,"SYST.MOR.0007100"
"SYST.MOR.0007102","Morton13","C10","SYST-MOR-0007102",NA,NA,NA,NA,NA,"SYST.MOR.0007102"
"SYST.MOR.0007105","Morton13","C11","SYST-MOR-0007105",NA,NA,NA,NA,NA,"SYST.MOR.0007105"
"SYST.MOR.0007113","Morton13","C12","SYST-MOR-0007113",NA,NA,NA,NA,NA,"SYST.MOR.0007113"
"SYST.MOR.0007120","Morton13","D1","SYST-MOR-0007120",NA,NA,NA,NA,NA,"SYST.MOR.0007120"
"SYST.MOR.0007122","Morton13","D2","SYST-MOR-0007122",NA,NA,NA,NA,NA,"SYST.MOR.0007122"
"SYST.MOR.0007129","Morton13","D3","SYST-MOR-0007129",NA,NA,NA,NA,NA,"SYST.MOR.0007129"
"SYST.MOR.0007134","Morton13","D4","SYST-MOR-0007134",NA,NA,NA,NA,NA,"SYST.MOR.0007134"
"SYST.MOR.0007135","Morton13","D5","SYST-MOR-0007135",NA,NA,NA,NA,NA,"SYST.MOR.0007135"
"SYST.MOR.0007136","Morton13","D6","SYST-MOR-0007136",NA,NA,NA,NA,NA,"SYST.MOR.0007136"
"SYST.MOR.0007138","Morton13","D7","SYST-MOR-0007138",NA,NA,NA,NA,NA,"SYST.MOR.0007138"
"SYST.MOR.0007139","Morton13","D8","SYST-MOR-0007139",NA,NA,NA,NA,NA,"SYST.MOR.0007139"
"SYST.MOR.0007141","Morton13","D9","SYST-MOR-0007141",NA,NA,NA,NA,NA,"SYST.MOR.0007141"
"SYST.MOR.0007145","Morton13","D10","SYST-MOR-0007145",NA,NA,NA,NA,NA,"SYST.MOR.0007145"
"SYST.MOR.0007147","Morton13","D11","SYST-MOR-0007147",NA,NA,NA,NA,NA,"SYST.MOR.0007147"
"SYST.MOR.0007149","Morton13","D12","SYST-MOR-0007149",NA,NA,NA,NA,NA,"SYST.MOR.0007149"
"SYST.MOR.0007155","Morton13","E1","SYST-MOR-0007155",NA,NA,NA,NA,NA,"SYST.MOR.0007155"
"SYST.MOR.0007157","Morton13","E2","SYST-MOR-0007157",NA,NA,NA,NA,NA,"SYST.MOR.0007157"
"SYST.MOR.0007158","Morton13","E3","SYST-MOR-0007158",NA,NA,NA,NA,NA,"SYST.MOR.0007158"
"SYST.MOR.0007160","Morton13","E4","SYST-MOR-0007160",NA,NA,NA,NA,NA,"SYST.MOR.0007160"
"SYST.MOR.0007162","Morton13","E5","SYST-MOR-0007162",NA,NA,NA,NA,NA,"SYST.MOR.0007162"
"SYST.MOR.0007165","Morton13","E6","SYST-MOR-0007165",NA,NA,NA,NA,NA,"SYST.MOR.0007165"
"SYST.MOR.0007169","Morton13","E7","SYST-MOR-0007169",NA,NA,NA,NA,NA,"SYST.MOR.0007169"
"SYST.MOR.0007170","Morton13","E8","SYST-MOR-0007170",NA,NA,NA,NA,NA,"SYST.MOR.0007170"
"SYST.MOR.0007172","Morton13","E9","SYST-MOR-0007172",NA,NA,NA,NA,NA,"SYST.MOR.0007172"
"SYST.MOR.0007173","Morton13","E10","SYST-MOR-0007173",NA,NA,NA,NA,NA,"SYST.MOR.0007173"
"SYST.MOR.0007178","Morton13","E11","SYST-MOR-0007178",NA,NA,NA,NA,NA,"SYST.MOR.0007178"
"SYST.MOR.0007180","Morton13","E12","SYST-MOR-0007180",NA,NA,NA,NA,NA,"SYST.MOR.0007180"
"SYST.MOR.0007182","Morton13","F1","SYST-MOR-0007182",NA,NA,NA,NA,NA,"SYST.MOR.0007182"
"SYST.MOR.0007185","Morton13","F2","SYST-MOR-0007185",NA,NA,NA,NA,NA,"SYST.MOR.0007185"
"SYST.MOR.0007187","Morton13","F3","SYST-MOR-0007187",NA,NA,NA,NA,NA,"SYST.MOR.0007187"
"SYST.MOR.0007194","Morton13","F4","SYST-MOR-0007194",NA,NA,NA,NA,NA,"SYST.MOR.0007194"
"SYST.MOR.0007195","Morton13","F5","SYST-MOR-0007195",NA,NA,NA,NA,NA,"SYST.MOR.0007195"
"SYST.MOR.0007196","Morton13","F6","SYST-MOR-0007196",NA,NA,NA,NA,NA,"SYST.MOR.0007196"
"SYST.MOR.0007197","Morton13","F7","SYST-MOR-0007197",NA,NA,NA,NA,NA,"SYST.MOR.0007197"
"SYST.MOR.0007199","Morton13","F8","SYST-MOR-0007199",NA,NA,NA,NA,NA,"SYST.MOR.0007199"
"SYST.MOR.0007202","Morton13","F9","SYST-MOR-0007202",NA,NA,NA,NA,NA,"SYST.MOR.0007202"
"SYST.MOR.0007203","Morton13","F10","SYST-MOR-0007203",NA,NA,NA,NA,NA,"SYST.MOR.0007203"
"SYST.MOR.0007204","Morton13","F11","SYST-MOR-0007204",NA,NA,NA,NA,NA,"SYST.MOR.0007204"
"SYST.MOR.0007209","Morton13","F12","SYST-MOR-0007209",NA,NA,NA,NA,NA,"SYST.MOR.0007209"
"SYST.MOR.0007211","Morton13","G1","SYST-MOR-0007211",NA,NA,NA,NA,NA,"SYST.MOR.0007211"
"SYST.MOR.0007212","Morton13","G2","SYST-MOR-0007212",NA,NA,NA,NA,NA,"SYST.MOR.0007212"
"SYST.MOR.0007213","Morton13","G3","SYST-MOR-0007213",NA,NA,NA,NA,NA,"SYST.MOR.0007213"
"SYST.MOR.0007216","Morton13","G4","SYST-MOR-0007216",NA,NA,NA,NA,NA,"SYST.MOR.0007216"
"SYST.MOR.0007223","Morton13","G5","SYST-MOR-0007223",NA,NA,NA,NA,NA,"SYST.MOR.0007223"
"SYST.MOR.0007224","Morton13","G6","SYST-MOR-0007224",NA,NA,NA,NA,NA,"SYST.MOR.0007224"
"SYST.MOR.0007227","Morton13","G7","SYST-MOR-0007227",NA,NA,NA,NA,NA,"SYST.MOR.0007227"
"SYST.MOR.0007229","Morton13","G8","SYST-MOR-0007229",NA,NA,NA,NA,NA,"SYST.MOR.0007229"
"SYST.MOR.0007230","Morton13","G9","SYST-MOR-0007230",NA,NA,NA,NA,NA,"SYST.MOR.0007230"
"SYST.MOR.0007234","Morton13","G10","SYST-MOR-0007234",NA,NA,NA,NA,NA,"SYST.MOR.0007234"
"SYST.MOR.0007235","Morton13","G11","SYST-MOR-0007235",NA,NA,NA,NA,NA,"SYST.MOR.0007235"
"SYST.MOR.0007236","Morton13","G12","SYST-MOR-0007236",NA,NA,NA,NA,NA,"SYST.MOR.0007236"
"SYST.MOR.0007237","Morton13","H1","SYST-MOR-0007237",NA,NA,NA,NA,NA,"SYST.MOR.0007237"
"SYST.MOR.0007238","Morton13","H2","SYST-MOR-0007238",NA,NA,NA,NA,NA,"SYST.MOR.0007238"
"SYST.MOR.0007239","Morton13","H3","SYST-MOR-0007239",NA,NA,NA,NA,NA,"SYST.MOR.0007239"
"SYST.MOR.0007240","Morton13","H4","SYST-MOR-0007240",NA,NA,NA,NA,NA,"SYST.MOR.0007240"
"SYST.MOR.0007244","Morton13","H5","SYST-MOR-0007244",NA,NA,NA,NA,NA,"SYST.MOR.0007244"
"SYST.MOR.0007245","Morton13","H6","SYST-MOR-0007245",NA,NA,NA,NA,NA,"SYST.MOR.0007245"
"SYST.MOR.0007256","Morton13","H7","SYST-MOR-0007256",NA,NA,NA,NA,NA,"SYST.MOR.0007256"
"SYST.MOR.0007257","Morton13","H8","SYST-MOR-0007257",NA,NA,NA,NA,NA,"SYST.MOR.0007257"
"SYST.MOR.0006721","Morton13","H9","SYST-MOR-0006721",NA,NA,NA,NA,NA,"SYST.MOR.0006721"
"SYST.MOR.0006729","Morton13","H10","SYST-MOR-0006729",NA,NA,NA,NA,NA,"SYST.MOR.0006729"
"SYST.MOR.0006753","Morton13","H11","SYST-MOR-0006753",NA,NA,NA,NA,NA,"SYST.MOR.0006753"
"SYST.MOR.0006781","Morton14","A1","SYST-MOR-0006781",NA,NA,NA,NA,NA,"SYST.MOR.0006781"
"SYST.MOR.0006791","Morton14","A2","SYST-MOR-0006791",NA,NA,NA,NA,NA,"SYST.MOR.0006791"
"SYST.MOR.0006798","Morton14","A3","SYST-MOR-0006798",NA,NA,NA,NA,NA,"SYST.MOR.0006798"
"SYST.MOR.0006821","Morton14","A4","SYST-MOR-0006821",NA,NA,NA,NA,NA,"SYST.MOR.0006821"
"SYST.MOR.0006852","Morton14","A5","SYST-MOR-0006852",NA,NA,NA,NA,NA,"SYST.MOR.0006852"
"SYST.MOR.0006857","Morton14","A6","SYST-MOR-0006857",NA,NA,NA,NA,NA,"SYST.MOR.0006857"
"SYST.MOR.0006870","Morton14","A7","SYST-MOR-0006870",NA,NA,NA,NA,NA,"SYST.MOR.0006870"
"SYST.MOR.0006890","Morton14","A8","SYST-MOR-0006890",NA,NA,NA,NA,NA,"SYST.MOR.0006890"
"SYST.MOR.0006894","Morton14","A9","SYST-MOR-0006894",NA,NA,NA,NA,NA,"SYST.MOR.0006894"
"SYST.MOR.0006897","Morton14","A10","SYST-MOR-0006897",NA,NA,NA,NA,NA,"SYST.MOR.0006897"
"SYST.MOR.0006907","Morton14","A11","SYST-MOR-0006907",NA,NA,NA,NA,NA,"SYST.MOR.0006907"
"SYST.MOR.0006932","Morton14","A12","SYST-MOR-0006932",NA,NA,NA,NA,NA,"SYST.MOR.0006932"
"SYST.MOR.0006937","Morton14","B1","SYST-MOR-0006937",NA,NA,NA,NA,NA,"SYST.MOR.0006937"
"SYST.MOR.0006943","Morton14","B2","SYST-MOR-0006943",NA,NA,NA,NA,NA,"SYST.MOR.0006943"
"SYST.MOR.0006955","Morton14","B3","SYST-MOR-0006955",NA,NA,NA,NA,NA,"SYST.MOR.0006955"
"SYST.MOR.0006973","Morton14","B4","SYST-MOR-0006973",NA,NA,NA,NA,NA,"SYST.MOR.0006973"
"SYST.MOR.0007002","Morton14","B5","SYST-MOR-0007002",NA,NA,NA,NA,NA,"SYST.MOR.0007002"
"SYST.MOR.0007016","Morton14","B6","SYST-MOR-0007016",NA,NA,NA,NA,NA,"SYST.MOR.0007016"
"SYST.MOR.0007037","Morton14","B7","SYST-MOR-0007037",NA,NA,NA,NA,NA,"SYST.MOR.0007037"
"SYST.MOR.0007048","Morton14","B8","SYST-MOR-0007048",NA,NA,NA,NA,NA,"SYST.MOR.0007048"
"SYST.MOR.0007066","Morton14","B9","SYST-MOR-0007066",NA,NA,NA,NA,NA,"SYST.MOR.0007066"
"SYST.MOR.0007072","Morton14","B10","SYST-MOR-0007072",NA,NA,NA,NA,NA,"SYST.MOR.0007072"
"SYST.MOR.0007088","Morton14","B11","SYST-MOR-0007088",NA,NA,NA,NA,NA,"SYST.MOR.0007088"
"SYST.MOR.0007124","Morton14","B12","SYST-MOR-0007124",NA,NA,NA,NA,NA,"SYST.MOR.0007124"
"SYST.MOR.0007130","Morton14","C1","SYST-MOR-0007130",NA,NA,NA,NA,NA,"SYST.MOR.0007130"
"SYST.MOR.0007150","Morton14","C2","SYST-MOR-0007150",NA,NA,NA,NA,NA,"SYST.MOR.0007150"
"SYST.MOR.0007163","Morton14","C3","SYST-MOR-0007163",NA,NA,NA,NA,NA,"SYST.MOR.0007163"
"SYST.MOR.0007174","Morton14","C4","SYST-MOR-0007174",NA,NA,NA,NA,NA,"SYST.MOR.0007174"
"SYST.MOR.0007181","Morton14","C5","SYST-MOR-0007181",NA,NA,NA,NA,NA,"SYST.MOR.0007181"
"SYST.MOR.0007206","Morton14","C6","SYST-MOR-0007206",NA,NA,NA,NA,NA,"SYST.MOR.0007206"
"SYST.MOR.0007221","Morton14","C7","SYST-MOR-0007221",NA,NA,NA,NA,NA,"SYST.MOR.0007221"
"SYST.MOR.0007251","Morton14","C8","SYST-MOR-0007251",NA,NA,NA,NA,NA,"SYST.MOR.0007251"
"OAK.MOR.001245","Morton14","C9","OAK-MOR-001245",NA,NA,NA,NA,NA,"OAK.MOR.001245"
"OAK.MOR.001370","Morton14","C10","OAK-MOR-001370",NA,NA,NA,NA,NA,"OAK.MOR.001370"
"OAK.MOR.001442","Morton14","C11","OAK-MOR-001442",NA,NA,NA,NA,NA,"OAK.MOR.001442"
"OAK.MOR.001465","Morton14","C12","OAK-MOR-001465",NA,NA,NA,NA,NA,"OAK.MOR.001465"
"OAK.MOR.001468","Morton14","D1","OAK-MOR-001468",NA,NA,NA,NA,NA,"OAK.MOR.001468"
"OAK.MOR.001383","Morton14","D2","OAK-MOR-001383",NA,NA,NA,NA,NA,"OAK.MOR.001383"
"OAK.MOR.001377","Morton14","D3","OAK-MOR-001377",NA,NA,NA,NA,NA,"OAK.MOR.001377"
"OAK.MOR.001378","Morton14","D4","OAK-MOR-001378",NA,NA,NA,NA,NA,"OAK.MOR.001378"
"OAK.MOR.001369","Morton14","D5","OAK-MOR-001369",NA,NA,NA,NA,NA,"OAK.MOR.001369"
"OAK.MOR.001372","Morton14","D6","OAK-MOR-001372",NA,NA,NA,NA,NA,"OAK.MOR.001372"
"OAK.MOR.000635","Morton14","D7","OAK-MOR-000635",NA,NA,NA,NA,NA,"OAK.MOR.000635"
"OAK.MOR.000132","Morton14","D8","OAK-MOR-000132",NA,NA,NA,NA,NA,"OAK.MOR.000132"
"SYST.MOR.0006991","Morton14","D9","SYST-MOR-0006991",NA,NA,NA,NA,NA,"SYST.MOR.0006991"
"SYST.MOR.0006764","Morton14","D10","SYST-MOR-0006764",NA,NA,NA,NA,NA,"SYST.MOR.0006764"
