Longitude,Latitude,collection_date,collector,population,site,site_id,mother_number,mother_id,accession_number,notes,acorns_collected,number_of_acorns,leaf_sample_collected,herbarium_specimen_collected,,,
-97.47154994,35.19143841,10/29/2021,"Heather McCarthy,Shanshan Luo",OK,Woodland Park ,WP,3,OK_WP_3,,,yes,5,no,no,,,
-97.50024565,35.52150107,10/27/2021,"Heather McCarthy,Shanshan Luo",OK,Woodland Park ,WP,2,OK_WP_2,,,yes,10,,yes,,,
-97.49991506,35.52154417,10/27/2021,"Heather McCarthy,Shanshan Luo",OK,Woodland Park ,WP,1,OK_WP_1,,,yes,1,no,yes,,,
-97.2285339,34.7473865,10/29/2021,Heather McCarthy,OK,Wacker Park,WAC,1,OK_WAC_1,,"Park tree, near tennis courts, restroom",yes,84,no,yes,,,
-98.31130352,34.38193175,10/30/2021,Heather McCarthy,OK,Sultan Park ,SP,12,OK_SP_12,,,yes,115,no,no,,,
-98.31141271,34.38165876,10/30/2021,Heather McCarthy,OK,Sultan Park ,SP,11,OK_SP_11,,,yes,230,no,yes,,,
-98.31129268,34.38147896,10/30/2021,Heather McCarthy,OK,Sultan Park ,SP,10,OK_SP_10,,,yes,170,no,no,,,
-98.31104703,34.38094148,10/30/2021,Heather McCarthy,OK,Sultan Park ,SP,9,OK_SP_9,,,yes,150,no,yes,,,
-98.30941897,34.3799135,10/30/2021,Heather McCarthy,OK,Sultan Park ,SP,7,OK_SP_7,,,yes,40,no,yes,,,
-98.30934922,34.37990247,10/30/2021,Heather McCarthy,OK,Sultan Park ,SP,6,OK_SP_6,,,yes,125,no,no,,,
-98.30924253,34.37989392,10/30/2021,Heather McCarthy,OK,Sultan Park ,SP,5,OK_SP_5,,,yes,10,no,no,,,
-98.30955855,34.37974047,10/30/2021,Heather McCarthy,OK,Sultan Park ,SP,3,OK_SP_3,,,yes,5,no,no,,,
-98.30986247,34.37970179,10/30/2021,Heather McCarthy,OK,Sultan Park ,SP,2,OK_SP_2,,,yes,4,no,no,,,
-98.31108227,34.3800067,10/30/2021,Heather McCarthy,OK,Sultan Park,SP,1,OK_SP_1,,"Sultan Park, Walters, OK",yes,10,no,yes,,,
-97.45329541,35.21371115,10/23/2021,Heather McCarthy,OK,Lion’s Park,LP,2,OK_LP_2,,Lion’s Park near sculpture of a head. Planted,yes,20,no,no,,,
-97.52151095,34.98039155,10/27/2021,Heather McCarthy,OK,Kessler Atmospheric and Ecological Field Station ,KES,1,OK_KES_1,,Near main house; same tree as collected for 2021 gardens (KES 28),yes,200,no,yes,,,
-97.52355454,35.42399062,10/27/2021,"Heather McCarthy,Shanshan Luo",OK,Hosea Vineland Park ,HV,3,OK_HV_3,,,yes,6,no,yes,,,
-97.52352582,35.42408153,10/22/2021,Heather McCarthy,OK,Hosea Vineland Park ,HV,1,OK_HV_1,,,yes,15,no,yes,,,
-97.46029289,35.4840923,10/27/2021,"Heather McCarthy,Shanshan Luo",OK,Edwards Park ,EP,7,OK_EP_7,,,yes,5,no,no,,,
-97.50088312,35.52048217,10/27/2021,"Heather McCarthy,Shanshan Luo",OK,Edwards Park ,EP,3,OK_EP_3,,,yes,5,no,yes,,,
-97.45001826,35.20583549,10/27/2021,Heather McCarthy,OK,Chautauqua,CH,1,OK_CH_1,,Same tree as CH-1 collected with Jeannine ,yes,9,no,no,,,
-97.52325086,35.42381336,10/27/2021,"Heather McCarthy,Shanshan Luo",OK,Hosea Vineland Park ,HV,4,OK_HV_4,,Changed from hv 1 to hv 4 based on map location. ,yes,15,no,yes,,,
-93.18173993,45.39609572,8/17/2021,Lucy Schroeder,MN,Cedar creek,CDR ,91,MN_CDR _91,,,yes,204,yes,yes,,,
-93.18327181,45.40002805,8/17/2021,"Brett Fredericksen ,Lucy Schroeder",MN,Cedar creek,CDR ,89,MN_CDR _89,,,yes,112,yes,yes,,,
-93.18123585,45.3959109,8/17/2021,"Brett Fredericksen ,Lucy Schroeder",MN,Cedar creek,CDR,87,MN_CDR_87,,,yes,212,yes,yes,,,
-93.18228819,45.39781363,8/17/2021,"Brett Fredericksen ,Lucy Schroeder",MN,Cedar creek ,CDR,84,MN_CDR_84,,,yes,200,no,no,,,
-93.18319025,45.39893928,8/17/2021,"Brett Fredericksen ,Lucy Schroeder",MN,CDR,CDR ,82,MN_CDR _82,,,yes,200,yes,yes,,,
-93.18243379,45.39920138,8/17/2021,Lucy Schroeder,MN,CDR,CDR,83,MN_CDR_83,,,yes,139,yes,yes,,,
-97.45312186,35.20952878,10/23/2021,Heather McCarthy,OK,Flood Ave and Cruce St,FC,1,OK_FC_1,,"Street tree at intersection of Flood and Cruce

Change to OK-FC-2 based on date",yes,50,no,yes,,,
-98.30950849,34.37979213,10/30/2021,Heather McCarthy,OK,Sultan Park ,SP,4,OK_SP_4,,,yes,10,no,no,,,
-98.30975008,34.38015569,10/30/2021,Heather McCarthy,OK,Sultan Park ,SP,8,OK_SP_8,,,yes,,no,no,,,
-97.45312091,35.21411519,10/23/2021,Heather McCarthy,OK,Lion’s Park ,LP,1,OK_LP_1,,"Street tree, near Lion’s Park sign on Flood",yes,9,no,no,,,
-97.4716047,35.19143531,10/29/2021,Heather McCarthy,OK,Lion’s Park ,LP,1,OK_LP_1,,"Same tree as LP-1, additional acorns collected ",yes,18,no,no,,,
-97.47153258,35.19142883,10/29/2021,Heather McCarthy,OK,Lions Park,LP,2,OK_LP_2,,Additional acorns collected from original LP 2 tree,yes,7,no,no,,,
-97.46259833,35.48399721,10/27/2021,"Heather McCarthy,Shanshan Luo",OK,Edwards Park ,EP,6,OK_EP_6,,,yes,1,no,no,,,
-97.46418653,35.48308463,10/27/2021,"Heather McCarthy,Shanshan Luo",OK,Edwards Park,EP,5,OK_EP_5,,,yes,1,no,no,,,
-97.5012814,35.52042471,10/27/2021,"Heather McCarthy,Shanshan Luo",OK,Edwards Park ,EP,4,OK_EP_4,,,yes,25,no,yes,,,
-97.46428099,35.48300391,10/27/2021,Heather McCarthy,OK,Edwards Park,EP,4,OK_EP_4,,,yes,6,no,no,,,
-97.46419423,35.48311533,10/27/2021,"Heather McCarthy,Shanshan Luo",OK,Edwards Park ,EP,,OK_EP_,,,yes,5,no,no,,,
-97.45003427,35.20804494,10/21/2021,"Heather McCarthy,Jeannine Cavender-Bares",OK,Chautauqua Street,CH,1,OK_CH_1,,Street tree with acorns ,yes,15,yes,yes,,,
-97.50195958,35.51993203,10/29/2021,Heather McCarthy,OK,Woodland Park ,WP,4,OK_WP_4,,Acorns are small but look like bur oak ,yes,,no,yes,,,
-97.52344105,35.42384475,10/29/2021,"Heather McCarthy,Shanshan Luo",OK,Hosea Vineland Park ,HV,4,OK_HV_4,,Probably not all from the same tree ,yes,,no,no,,,
-97.50129799,35.52053254,10/27/2021,"Heather McCarthy,Shanshan Luo",OK,,,,__,,,,,,,,,
-88.07880468,41.5045945,9/11/2020,Heather McCarthy,IL,Nowell Park,NP,49,IL_NP_49,NowellPark_2,"Next to exercise equipment by path. DBH: 0.8 m
2020007",yes,103,yes,yes,,,
-87.85325076,41.72581849,9/12/2020,"Lucy Schroeder,Maria Park",IL,Spears Woods,SPW,55,IL_SPW_55,SpearsWoods_2,"Next to map sign. DBH: .6 m
2020014",yes,31,yes,yes,,,
-88.08008253,41.50524582,9/11/2020,"Cathleen Lapadat,Heather McCarthy",IL,Nowell Park,NP,50,IL_NP_50,NowellPark_3,"Behind baseball field outfield fence. DBH: 0.75 m
202009",no,309,yes,yes,,,
-97.43142835,35.18176773,10/21/2021,,OK,Jimmy Austin Golf course,JA,2,OK_JA_2,,,yes,10,yes,yes,,,
-87.87934002,41.14662206,9/10/2020,"Lucy Schroeder,Maria Park",IL,Perry Farm Park,PFP,47,ILo_PFP_47,PerryFarm_2,"Across from playground DBH: 1.25 m
2020005",yes,263,yes,yes,,,
-97.44373635,35.17983011,10/22/2021,Jeannine Cavender-Bares,OK,Oliver’s Woods,OW,5,OK_OW_5,,Almost no acorns,,2,no,no,,,
-97.45117798,35.20631381,10/23/2021,Heather McCarthy,OK,Lahoma St,LH,1,OK_LH_1,,Street tree on Lahoma between Brooks and Parsons,yes,70,no,yes,,,
-97.45345351,35.21306459,10/23/2021,,,,,,__,,,,,,,,,
-97.43651267,35.22494314,10/23/2021,"Heather McCarthy,Jeannine Cavender-Bares",OK,Gray St,GS,1,OK_GS_1,,,yes,3,no,no,,,
-97.5681896,35.35267885,10/23/2021,"Heather McCarthy,Shanshan Luo",OK,Earlywine Park,EP,1,OK_EP_1,,Parking lot near playground ,yes,5,no,yes,,,
-97.52349136,35.4235672,10/22/2021,Heather McCarthy,OK,Hosea Vineland Park ,HV,2,OK_HV_2,,,yes,10,no,yes,,,
-97.51437821,35.44542247,10/22/2021,Heather McCarthy,OK,Manuel Perez skatepark ,MPS,1,OK_MPS_1,,,yes,200,no,yes,,,
-97.44995548,35.1768822,10/22/2021,Heather McCarthy,OK,Oliver’s Woods ,OW,7,OK_OW_7,,,yes,20,no,no,,,
-97.44996697,35.17688127,10/22/2021,Heather McCarthy,OK,Oliver’s Woods ,OW,6,OK_OW_6,,,yes,15,no,no,,,
-97.44362231,35.17972998,10/22/2021,"Heather McCarthy,Jeannine Cavender-Bares",OK,Oliver’s Woods,OW,4,OK_OW_4,,,yes,15,no,yes,,,
-93.1832466,45.3933442,8/17/2021,"Brett Fredericksen,Lucy Schroeder",MN ,Cedar Creek,CDR,88,MN _CDR_88,,,yes,200,,yes,,,
-97.43091587,35.18254577,10/22/2021,Jeannine Cavender-Bares,OK,Jimmy Austin golf course,JA,3,OK_JA_3,,Might be the same tree as JA1,yes,3,,,,,
-97.43091784,35.18244809,10/21/2021,Jeannine Cavender-Bares,OK,Jimmy Austin Golf course,JA,1,OK_JA_1,,Acorns dropped a while ago and are mostly gone or rotten with only caps on the ground; multiple mothers close together but acorns probably from one tree,yes,5,no,no,,,
-97.44360413,35.17972781,10/22/2021,"Heather McCarthy,Jeannine Cavender-Bares",OK ,Oliver’s Woods,OW,2,OK _OW_2,,,yes,15,no,yes,,,
-88.07269219,41.81352363,9/8/2021,"""Lindsey Worcester, Rachel Gowett""",IL,Danada Forest Preserve/Danada Square Equestrian Center,2021LW650,,IL_2021LW650_,,,yes,164,yes,yes,,,
-88.20411987,41.84968173,9/7/2021,"""Lindsey Worcester, Rachel Gowett""",IL,Blackwell Forest Preserve,2021LW646,,IL_2021LW646_,,,yes,234,yes,yes,,,
-88.07268481,41.81352893,8/31/2021,Lindsey Worcester,IL,The Morton Arboretum,2021LW633,,IL_2021LW633_,,,yes,264,yes,yes,,,
-88.07266107,41.81354476,8/30/2021,"""Lindsey Worcester, Marlene Hahn""",IL,The Morton Arboretum,2021LW632,,IL_2021LW632_,,,yes,100,yes,yes,,,
-88.07270715,41.81349937,8/30/2021,"""Lindsey Worcester, Marlene Hahn""",IL,The Morton Arboretum,2021LW631,,IL_2021LW631_,,,yes,200,yes,yes,,,
-88.1390828,41.82140399,9/8/2021,"""Lindsey Worcester, Rachel Gowett""",IL,Herrick Lake FP,2021LW649,,IL_2021LW649_,,A few of the acorns seem light in weight. ,yes,122,yes,yes,,,
-88.13724482,41.81962787,9/8/2021,"""Lindsey Worcester, Rachel Gowett""",IL,Herrick Lake FP,2021LW648,,IL_2021LW648_,,,yes,35,yes,yes,,,
-88.1952019,41.85183772,9/7/2021,"""Lindsey Worcester, Rachel Gowett""",IL,Blackwell Forest Preserve,2021LW647,,IL_2021LW647_,,,yes,117,yes,yes,,,
-88.10785103,41.81907376,9/3/2021,"""Lindsey Worcester, Rachel Gowett""",IL,Danada Forest Preserve,2021LW645,,IL_2021LW645_,,,yes,217,yes,yes,,,
-88.10586724,41.82071031,9/3/2021,"""Lindsey Worcester, Rachel Gowett""",IL,Danada FP,2021LW644,,IL_2021LW644_,,,yes,174,yes,yes,,,
-88.10806849,41.82004601,9/3/2021,"""Lindsey Worcester, Rachel Gowett""",IL,Danada Forest Preserve,2021LW643,,IL_2021LW643_,,,yes,233,yes,yes,,,
-88.10319055,41.73504685,9/2/2021,Lindsey Worcester,IL,Greene Valley FP,2021LW642,,IL_2021LW642_,,,yes,230,yes,yes,,,
-88.08807016,41.73452911,9/2/2021,Lindsey Worcester,IL,Greene Valley FP,2021LW641,,IL_2021LW641_,,,yes,210,yes,yes,,,
-88.07964099,41.8054142,9/2/2021,"""Lindsey Worcester, Joan Dorrell, Jim Bowhay """,IL,The Morton Arboretum,2021LW640,,IL_2021LW640_,,,yes,156,yes,yes,,,
-88.07157129,41.81612956,9/2/2021,"""Lindsey Worcester, Joan Dorrell, Jim Bowhay""",IL,The Morton Arboretum,2021LW639,,IL_2021LW639_,,,yes,155,yes,yes,,,
-88.13519569,41.81735817,9/1/2021,"""Lindsey Worcester, Rachel Gowett""",IL,Herrick Lake FP,2021LW638,,IL_2021LW638_,,,yes,201,yes,yes,,,
-88.13632918,41.81797915,9/1/2021,"""Lindsey Worcester, Rachel Gowett""",IL,Herrick Lake FP,2021LW637,,IL_2021LW637_,,,yes,200,no,no,,,
-88.13573683,41.817516,8/31/2021,"""Lindsey Worcester, Marlene Hahn""",IL,Herrick Lake FP,2021LW636,,IL_2021LW636_,,,yes,24,yes,yes,,,
-88.13860293,41.82029448,8/31/2021,"""Lindsey Worcester, Marlene Hahn""",IL,Herrick Lake FP,2021LW635,,IL_2021LW635_,,,yes,100,yes,yes,,,
-88.13999986,41.81978717,8/31/2021,"""Lindsey Worcester, Marlene Hahn""",IL,Herrick Lake FP,2021LW634,,IL_2021LW634_,,28 acorns collected. Need to revisit. ,yes,28,yes,yes,,,
-93.3000119,45.2679081,9/1/2021,Brett Fredericksen,MN,North woods preserve,NWP,106,MN_NWP_106,,,yes,72,yes,yes,,,
-93.2388372,45.2547083,8/25/2021,Brett Fredericksen,MN,"Lions Park, Ham Lake",LIO,105,MN_LIO_105,,,yes,111,no,no,,,
-92.9873243,45.3974797,8/25/2021,Brett Fredericksen,MN,Stacy City Park,STA,104,MN_STA_104,,Close to 103,yes,200,no,no,,,
-92.9874601,45.3973819,8/25/2021,Brett Fredericksen,MN,Stacy City park,STA,103,MN_STA_103,,Along bike path,yes,200,no,no,,,
-92.9866752,45.3958632,8/25/2021,Brett Fredericksen,MN,Stacy City Park,STA,102,MN_STA_102,,,yes,200,,,,,
-93.2349943,45.34885,8/22/2021,Brett Fredericksen,MN,Davenport ,DAV,101,MN_DAV_101,,,yes,131,no,no,,,
-93.2348139,45.348725,8/22/2021,Brett Fredericksen,MN,Davenport ,DAV,82,MN_DAV_82,,Second year of collection.  ,yes,200,,,,,
-93.234548,45.3469172,8/22/2021,Brett Fredericksen,MN,Davenport,DAV,99,MN_DAV_99,,2020 collection poor germination ,yes,158,no,no,,,
-93.2376909,45.1382066,8/22/2021,Brett Fredericksen,MN ,Aquatore Park,AQU,98,MN _AQU_98,,,yes,200,no,no,,,
-93.2376706,45.1373845,8/22/2021,Brett Fredericksen,MN,Aquatore Park,AQU,98,MN_AQU_98,,,yes,200,no,no,,,
-93.2369605,45.1377726,8/22/2021,Brett Fredericksen,MN,Aquatore Park,AQU,97,MN_AQU_97,,In dog park ,yes,200,no,no,,,
-93.2365777,45.1371819,8/22/2021,Brett Fredericksen,MN,Aquatore Park,AQU,96,MN_AQU_96,,In dog park across street,yes,200,no,no,,,
-93.2599098,45.5043161,8/21/2021,Brett Fredericksen,MN,Riverside Park Isanti,RSP,95,MN_RSP_95,,In Legacy Park,yes,200,yes,yes,,,
-93.2652687,45.4966474,8/21/2021,Brett Fredericksen,MN,Riverside Park Isanti,RSP,94,MN_RSP_94,,,yes,161,no,no,,,
-93.2652936,45.4966723,8/21/2021,Brett Fredericksen,MN,Riverside Park Isanti,RSP,93,MN_RSP_93,,,yes,200,no,no,,,
-93.2651034,45.4968628,8/21/2021,Brett Fredericksen,MN,Riverside Park Isanti,RSP,92,MN_RSP_92,,,yes,200,yes,yes,,,
-93.2649699,45.4968768,8/21/2021,Brett Fredericksen,MN,"Riverside Park, Isanti",RSP,91,MN_RSP_91,,,yes,200,yes,yes,,,
-93.20410553,44.91606165,8/29/2021,Jeannine Cavender-Bares,MN,Mississippi River — Minnehaha Falls,MRV,4,MN_MRV_4,,In park,yes,200,no,no,,,
-93.20275471,44.9267041,8/29/2021,Jeannine Cavender-Bares,MN,Mississippi River S,MRV,3,MN_MRV_3,,South of lake street,yes,200,no,no,,,
-93.1814767,45.3958647,8/17/2021,Brett Fredericksen,MN,Cedar Creek,CDR,90,MN_CDR_90,,,yes,200,no,no,,,
-93.20999634,44.95662459,8/15/2021,"Celine Bares,Jeannine Cavender-Bares",MN,Mpls/Mississippi R,MRV,2,MN_MRV_2,,,yes,200,no,no,,,
-93.20844445,44.95565356,8/15/2021,"Celine Bares,Jeannine Cavender-Bares",MN,Mpls/Miss R,MRV,1,MN_MRV_1,,,yes,200,,,,,
-93.2648869,45.4965901,8/21/2021,Brett Fredericksen,MN,Riverside Park,RSP,92,MN_RSP_92,,,yes,200,yes,yes,,,
-93.1820003,45.3960588,8/17/2021,Brett Fredericksen,MN ,Cedar Creek,CDR,86,MN _CDR_86,,,yes,200,no,no,,,
-93.1828413,45.3979774,8/17/2021,"Brett Fredericksen,Lucy Schroeder",MN,Cedar Creek,CDR,85,MN_CDR_85,,Tree tagged as 101,yes,200,no,no,,,
-96.94660695,34.50430446,10/29/2020,Cathleen Lapadat,OK,Chickasaw,SAW,36,OK_SAW_36,,,yes,11,,,,,
-96.94817646,34.50412214,10/29/2020,Cathleen Lapadat,OK,Chickasaw,SAW,35,OK_SAW_35,,,yes,45,,,,,
-96.94941067,34.50404959,10/29/2020,Cathleen Lapadat,OK,Chickasaw,SAW,34,OK_SAW_34,,,yes,11,,,,,
-96.94911358,34.50432792,10/29/2020,Cathleen Lapadat,OK,Chickasaw,SAW,33,OK_SAW_33,,,yes,8,,,,,
-97.44995376,35.17700484,10/27/2020,Cathleen Lapadat,OK,Oliver woods,OLI,32,OK_OLI_32,,,yes,,,,,,
-97.44992986,35.17688592,10/27/2020,Cathleen Lapadat,OK,Oliver woods,OLI,31,OK_OLI_31,,Inside out thank you bag,yes,,,,,,
-97.43099718,35.18222436,10/25/2020,Cathleen Lapadat,OK,JIM,JIM,30,OK_JIM_30,,,yes,39,no,no,,,
-93.234286,45.348869,9/4/2020,Cathleen Lapadat,MN,Davenport St NE and 209th Ave,DAV,83,MN_DAV_83,,,yes,135,,,,,
-93.23472222,45.34861111,9/4/2020,Cathleen Lapadat,MN,Davenport St NE and 209th Ave,DAV,82,MN_DAV_82,,,yes,153,,,,,
-93.18111111,45.40916667,9/3/2020,Cathleen Lapadat,MN,Cedar Creek,CDR,81,MN_CDR_81,,,yes,124,,,,,
-93.18222222,45.40944444,9/3/2020,Cathleen Lapadat,MN,Cedar Creek,CDR,80,MN_CDR_80,,,yes,121,,,,,
-93.24111111,45.39194444,9/3/2020,Cathleen Lapadat,MN,John Anderson Memorial Park,JOH,79,MN_JOH_79,,,yes,271,,,,,
-93.24083333,45.3925,9/3/2020,Cathleen Lapadat,MN,John Anderson Memorial Park,JOH,78,MN_JOH_78,,,yes,134,,,,,
-93.240833,45.3925,9/3/2020,Cathleen Lapadat,MN,John Anderson Memorial Park,JOH,77,MN_JOH_77,,,yes,527,,,,,
-93.424167,45.142778,8/28/2020,Cathleen Lapadat,MN,Elm Creek Park Reserve,ELM,76,MN_ELM_76,,Not usable (planted),yes,,,,,,
-93.412222,45.1425,8/28/2020,Cathleen Lapadat,MN,Elm Creek Park Reserve,ELM,75,MN_ELM_75,,Not usable (planted),yes,,,,,,
-93.424444,45.142778,8/28/2020,Cathleen Lapadat,MN,Elm Creek Park Reserve,ELM,74,MN_ELM_74,,Not usable (planted),yes,,,,,,
-93.314444,45.1375,8/28/2020,Cathleen Lapadat,MN,Mississippi Gateway Regional Park (formerly known as Coon Rapids Dam),COO,73,MN_COO_73,,,yes,127,,,,,
-93.314167,45.1375,8/28/2020,Cathleen Lapadat,MN,Mississippi Gateway Regional Park (formerly known as Coon Rapids Dam),COO,72,MN_COO_72,,,yes,205,,,,,
-93.314444,45.1375,8/28/2020,Cathleen Lapadat,MN,Mississippi Gateway Regional Park (formerly known as Coon Rapids Dam),COO,71,MN_COO_71,,,yes,581,,,,,
-93.314167,45.140556,8/28/2020,Cathleen Lapadat,MN,Mississippi Gateway Regional Park (formerly known as Coon Rapids Dam),COO,70,MN_COO_70,,,yes,160,,,,,
-93.313611,45.140556,8/28/2020,Cathleen Lapadat,MN,Mississippi Gateway Regional Park (formerly known as Coon Rapids Dam),COO,69,MN_COO_69,,,yes,189,,,,,
-93.313889,45.140556,8/28/2020,Cathleen Lapadat,MN,Mississippi Gateway Regional Park (formerly known as Coon Rapids Dam),COO,68,MN_COO_68,,,yes,294,,,,,
-93.218333,45.41277778,8/25/2020,Cathleen Lapadat,MN,Cedar Creek,CDR,67,MN_CDR_67,,,yes,159,,,,,
-93.240833,45.391944,8/24/2020,Cathleen Lapadat,MN,John Anderson Memorial Park,JOH,66,MN_JOH_66,,,yes,526,,,,,
-93.240833,45.391944,8/24/2020,Cathleen Lapadat,MN,John Anderson Memorial Park,JOH,65,MN_JOH_65,,,yes,272,,,,,
-93.240833,45.391667,8/24/2020,Cathleen Lapadat,MN,John Anderson Memorial Park,JOH,64,MN_JOH_64,,,yes,377,,,,,
-93.240833,45.391944,8/24/2020,Cathleen Lapadat,MN,John Anderson Memorial Park,JOH,63,MN_JOH_63,,,yes,424,,,,,
-93.240556,45.392222,8/24/2020,Cathleen Lapadat,MN,John Anderson Memorial Park,JOH,62,MN_JOH_62,,,yes,,,,,,
-93.194444,45.384722,8/24/2020,Cathleen Lapadat,MN,Cedar Creek,CDR,61,MN_CDR_61,,,yes,,,,,,
-93.196389,45.386944,8/24/2020,Cathleen Lapadat,MN,Cedar Creek,CDR,60,MN_CDR_60,,,yes,175,,,,,
-93.184167,45.406389,8/23/2020,Cathleen Lapadat,MN,Cedar Creek,CDR,59,MN_CDR_59,,,yes,210,,,,,
-93.184444,45.406389,8/19/2020,Cathleen Lapadat,MN,Cedar Creek,CDR,58,MN_CDR_58,,,yes,106,,,,,
-93.184444,45.406667,8/19/2020,Cathleen Lapadat,MN,Cedar Creek,CDR,57,MN_CDR_57,,,yes,108,,,,,
-97.42861111,35.18722222,10/31/2019,Cathleen Lapadat,OK,Jimmy Austin Golf Course,JIM,29,OK_JIM_29,,,yes,,,,,,
-97.52166667,34.98055556,10/31/2019,Cathleen Lapadat,OK,Kessler Atmospheric and Ecological Field Station,KES,28,OK_KES_28,,,yes,,,,,,
-97.51166667,35.42333333,10/30/2019,Cathleen Lapadat,OK,Draper Park,DRA,27,OK_DRA_27,,,yes,,,,,,
-97.51138889,35.42277778,10/30/2019,Cathleen Lapadat,OK,Draper Park,DRA,26,OK_DRA_26,,,yes,,,,,,
-97.51194444,35.42277778,10/30/2019,Cathleen Lapadat,OK,Draper Park,DRA,25,OK_DRA_25,,,yes,,,,,,
-97.51222222,35.42194444,10/30/2019,Cathleen Lapadat,OK,Draper Park,DRA,24,OK_DRA_24,,,yes,,,,,,
-97.51277778,35.42138889,10/30/2019,Cathleen Lapadat,OK,Draper Park,DRA,23,OK_DRA_23,,,yes,,,,,,
-97.51388889,35.42722222,10/30/2019,Cathleen Lapadat,OK,Draper Park,DRA,22,OK_DRA_22,,,yes,,,,,,
-97.51416667,35.42722222,10/30/2019,Cathleen Lapadat,OK,Draper Park,DRA,21,OK_DRA_21,,,yes,,,,,,
-97.44972222,35.17694444,10/29/2019,Cathleen Lapadat,OK,Oliver Wildlife Preserve,OLI,20,OK_OLI_20,,,yes,,,,,,
-97.61277778,35.14555556,10/29/2019,Cathleen Lapadat,OK,Monaghan Farm,MON,19,OK_MON_19,,,yes,,,,,,
-97.61305556,35.14527778,10/29/2019,Cathleen Lapadat,OK,Monaghan Farm,MON,18,OK_MON_18,,,yes,,,,,,
-97.61277778,35.145,10/29/2019,Cathleen Lapadat,OK,Monaghan Farm,MON,17,OK_MON_17,,,yes,,,,,,
-97.46083333,35.48222222,10/28/2019,Cathleen Lapadat,OK,Edwards Park,EDW,16,OK_EDW_16,,,yes,,,,,,
-97.46416667,35.48305556,10/28/2019,Cathleen Lapadat,OK,Edwards Park,EDW,15,OK_EDW_15,,,yes,,,,,,
-97.46388889,35.48277778,10/28/2019,Cathleen Lapadat,OK,Edwards Park,EDW,14,OK_EDW_14,,,yes,,,,,,
-97.46333333,35.48388889,10/28/2019,Cathleen Lapadat,OK,Edwards Park,EDW,13,OK_EDW_13,,,yes,,,,,,
-97.46083333,35.48388889,10/28/2019,Cathleen Lapadat,OK,Edwards Park,EDW,12,OK_EDW_12,,,yes,,,,,,
-97.46027778,35.48416667,10/28/2019,Cathleen Lapadat,OK,Edwards Park,EDW,11,OK_EDW_11,,,yes,,,,,,
-97.45972222,35.48416667,10/28/2019,Cathleen Lapadat,OK,Edwards Park,EDW,10,OK_EDW_10,,,yes,,,,,,
-97.50111111,35.52055556,10/28/2019,Cathleen Lapadat,OK,Woodland Park,WOO,9,OK_WOO_9,,,yes,,,,,,
-97.50166667,35.51972222,10/28/2019,Cathleen Lapadat,OK,Woodland Park,WOO,8,OK_WOO_8,,,yes,,,,,,
-97.49916667,35.52194444,10/28/2019,Cathleen Lapadat,OK,Woodland Park,WOO,7,OK_WOO_7,,,yes,,,,,,
0,0,9/30/2020,Heather McCarthy,OK,Monaghan Farm,MON,6,OK_MON_6,,Acorns were mixed with OK-MON-5,yes,,,,,,
0,0,9/30/2020,Heather McCarthy,OK,Monaghan Farm,MON,5,OK_MON_5,,Acorns were mixed with OK-MON-6,yes,,,,,,
0,0,9/30/2020,Heather McCarthy,OK,Woodland Park,WOO,4,OK_WOO_4,,,yes,,,,,,
0,0,9/30/2020,Heather McCarthy,OK,Woodland Park,WOO,3,OK_WOO_3,,,yes,,,,,,
0,0,9/30/2020,Heather McCarthy,OK,Woodland Park,WOO,2,OK_WOO_2,,,yes,,,,,,
0,0,9/30/2020,Heather McCarthy,OK,Woodland Park,WOO,1,OK_WOO_1,,,yes,,,,,,
-87.784936,42.090161,9/30/2020,Cathy Bechtoldt,IL,632-1038P - 1038 Pleasant,QBP,42,IL_QBP_42,,QUE002826,yes,,,,,,
-87.784847,42.089758,9/30/2020,Cathy Bechtoldt,IL,631-1037P - 1037 Pleasant,QBP,41,IL_QBP_41,,QUE002825,yes,,,,,,
-87.784858,42.090453,9/30/2020,Cathy Bechtoldt,IL,625QB - 1035 Queens,QBP,40,IL_QBP_40,,QUE002824,yes,,,,,,
-87.783272,42.089967,9/30/2020,Cathy Bechtoldt,IL,624PleasBal - Pleasant and Balmoral,QBP,39,IL_QBP_39,,QUE002823,yes,,,,,,
-87.783533,42.090147,9/30/2020,Cathy Bechtoldt,IL,621-940PDeck - 940 Pleasant and Balmoral,QBP,38,IL_QBP_38,,QUE002822,yes,,,,,,
-87.78335,42.090608,9/30/2020,Cathy Bechtoldt,IL,619QB - Queens and Balmoral,QBP,37,IL_QBP_37,,QUE002821,yes,,,,,,
-88.024085,41.80317,9/18/2019,"Andrew Hipp,Lindsey Wor",IL,Street tree at 4540 Dawes Dr,DAW,36,IL_DAW_36,,QUE002820; 2019015,yes,,,,,,
-88.17958,41.97178,9/18/2019,"Andrew Hipp,Lindsey Wor",IL,Hawk Hollow Forest Preserve,HAW,35,IL_HAW_35,,QUE002819; 2019014,yes,,,,,,
-88.17938,41.78718,9/18/2019,"Andrew Hipp,Lindsey Wor",IL,McDowell Grove Forest Preserve,MCD,34,IL_MCD_34,,QUE002818; 2019013,yes,,,,,,
-88.16714,41.83217,9/18/2019,"Andrew Hipp,Lindsey Wor",IL,St. James Farm,JAM,33,IL_JAM_33,,QUE002817; 2019012,yes,,,,,,
-88.16703,41.83202,9/18/2019,"Andrew Hipp,Lindsey Wor",IL,St. James Farm,JAM,32,IL_JAM_32,,QUE002816; 2019011,yes,,,,,,
-88.05113,41.81888,9/17/2019,"Andrew Hipp,Lindsey Wor",IL,"The Morton Arboretum, East Woods",MOR,31,IL_MOR_31,,QUE002815; 2019010,yes,,,,,,
-88.04698,41.81783,9/17/2019,"Andrew Hipp,Lindsey Wor",IL,"The Morton Arboretum, East Woods",MOR,30,IL_MOR_30,,QUE002814; 2019009,yes,,,,,,
-88.0468,41.82277,9/17/2019,"Andrew Hipp,Lindsey Wor",IL,"The Morton Arboretum, East Woods",MOR,29,IL_MOR_29,,QUE002813; 2019008,yes,,,,,,
-88.04604,41.82228,9/17/2019,"Andrew Hipp,Lindsey Wor",IL,"The Morton Arboretum, East Woods",MOR,28,IL_MOR_28,,QUE002812; 2019007,yes,,,,,,
-88.04293,41.81978,9/17/2019,"Andrew Hipp,Lindsey Wor",IL,"The Morton Arboretum, East Woods",MOR,27,IL_MOR_27,,QUE002811; 2019006,yes,,,,,,
-88.04906,41.81937,9/16/2019,Andrew Hipp,IL,"The Morton Arboretum, East Woods",MOR,26,IL_MOR_26,,QUE002810; 2019005,yes,,,,,,
-88.10754,41.81935,9/16/2019,Andrew Hipp,IL,Danada Forest Preserve,DFP,25,IL_DFP_25,,QUE002809; 2019004; missing,yes,,,,,,
-88.13534,41.81745,9/16/2019,Andrew Hipp,IL,Herrick Lake Forest Preserve,HER,24,IL_HER_24,,QUE002808; 2019003; missing,yes,,,,,,
-88.13645,41.81786,9/16/2019,Andrew Hipp,IL,Herrick Lake Forest Preserve,HER,23,IL_HER_23,,QUE002807; 2019002; missing,yes,,,,,,
-88.14039,41.81993,9/16/2019,Andrew Hipp,IL,Herrick Lake Forest Preserve,HER,22,IL_HER_22,,QUE002806; 2019001; missing,yes,,,,,,
-88.082,41.82129,9/13/2018,Andrew Hipp,IL,Morton Arboretum,MOR,21,IL_MOR_21,,2018016; Adjacent to Ware Field.,yes,,,,,,
-88.08192,41.82105,9/13/2018,Andrew Hipp,IL,Morton Arboretum,MOR,20,IL_MOR_20,,2018015; Adjacent to Ware Field,yes,,,,,,
-88.08988,41.73398,9/13/2018,Andrew Hipp,IL,Greene Valley Forest Preserve,GFP,19,IL_GFP_19,,2018014; Middle of campsite.,yes,,,,,,
-88.08675,41.73317,9/13/2018,Andrew Hipp,IL,Greene Valley Forest Preserve,GFP,18,IL_GFP_18,,2018013; North side of trail.,yes,,,,,,
-88.08688,41.73355,9/13/2018,Andrew Hipp,IL,Greene Valley Forest Preserve,GFP,17,IL_GFP_17,,2018012; Along the service road.,yes,,,,,,
-88.08827,41.73365,9/13/2018,Andrew Hipp,IL,Greene Valley Forest Preserve,GFP,16,IL_GFP_16,,2018011; In woods.,yes,,,,,,
-88.08881,41.7334,9/13/2018,Andrew Hipp,IL,Greene Valley Forest Preserve,GFP,15,IL_GFP_15,,2018010; Group campsite,yes,,,,,,
-88.19542,41.85174,9/13/2018,Andrew Hipp,IL,Blackwell Forest Preserve,BFP,14,IL_BFP_14,,2018009; Between McKee Marsh and DuPage River West Branch.,yes,,,,,,
-88.19617,41.85325,9/13/2018,Andrew Hipp,IL,Blackwell Forest Preserve,BFP,13,IL_BFP_13,,2018008; Between McKee Marsh and DuPage River West Branch. Further upslope.,yes,,,,,,
-88.19589,41.85375,9/13/2018,Andrew Hipp,IL,Blackwell Forest Preserve,BFP,12,IL_BFP_12,,2018007; Between McKee Marsh and DuPage River West Branch.,yes,,,,,,
-88.19614,41.85406,9/13/2018,Andrew Hipp,IL,Blackwell Forest Preserve,BFP,11,IL_BFP_11,,2018006; Between McKee Marsh and DuPage River West Branch.,yes,,,,,,
-88.10512,41.82042,9/13/2018,Andrew Hipp,IL,Danada Forest Preserve,DFP,10,IL_DFP_10,,"2018005; Vicinity of barns, equestrian center. In forest.",yes,,,,,,
-88.10503,41.82201,9/13/2018,Andrew Hipp,IL,Danada Forest Preserve,DFP,9,IL_DFP_9,,"2018004; Vicinity of barns, equestrian center. On forest edge.",yes,,,,,,
-88.10564,41.82099,9/13/2018,Andrew Hipp,IL,Danada Forest Preserve,DFP,8,IL_DFP_8,,"2018003; Vicinity of barns, equestrian center. Appears to be part of old fencerow.",yes,,,,,,
-88.1072,41.81959,9/13/2018,Andrew Hipp,IL,Danada Forest Preserve,DFP,7,IL_DFP_7,,"2018002; Vicinity of barns, equestrian center. Just east of a second open grown tree. Likelier grown in closed forest as the lower branches are gone.",yes,,,,,,
-88.10864,41.81911,9/13/2018,Andrew Hipp,IL,Danada Forest Preserve,DFP,6,IL_DFP_6,,"2018001; Vicinity of barns, equestrian center. By parking lot.",yes,,,,,,
-88.050802,41.813568,9/18/2018,Kris Bachtell & Nick Zubenko,IL,Morton Arboretum,MOR,5,IL_MOR_5,,H-101/33-46; 138-U*4,yes,,,,,,
-88.065699,41.814998,9/18/2018,Kris Bachtell & Nick Zubenko,IL,Morton Arboretum,MOR,4,IL_MOR_4,,N-61/91-03; 478-2001*1 sd,yes,,,,,,
-88.052873,41.8151,9/18/2018,Kris Bachtell & Nick Zubenko,IL,Morton Arboretum,MOR,3,IL_MOR_3,,N-96/10-00; 138-U*1,yes,,,,,,
-88.061136,41.814933,9/18/2018,Kris Bachtell & Nick Zubenko,IL,Morton Arboretum,MOR,2,IL_MOR_2,,N-73/25-46; 138-U*15,yes,,,,,,
-88.089297,41.814727,9/18/2018,Kris Bachtell & Nick Zubenko,IL,Morton Arboretum,MOR,1,IL_MOR_1,,P-04/11-68; 138-U*49,yes,,,,,,
-93.26194444,45.10305556,9/19/2019,Cathleen Lapadat,MN,Locke County Dog Park,LOC,56,MN_LOC_56,,,yes,,,,,,
-93.25361111,45.09638889,9/19/2019,Cathleen Lapadat,MN,Locke County Dog Park,LOC,55,MN_LOC_55,,,yes,,,,,,
-93.25722222,45.09722222,9/19/2019,Cathleen Lapadat,MN,Locke County Dog Park,LOC,54,MN_LOC_54,,,yes,,,,,,
-93.28138889,45.205,9/18/2019,Cathleen Lapadat,MN,Bunker Hills Regional Park,BUN,53,MN_BUN_53,,,yes,,,,,,
-93.28111111,45.20555556,9/18/2019,Cathleen Lapadat,MN,Bunker Hills Regional Park,BUN,52,MN_BUN_52,,,yes,,,,,,
-93.33611111,45.36361111,9/18/2019,Cathleen Lapadat,MN,Lake George ,GEO,51,MN_GEO_51,,,yes,,,,,,
-93.34305556,45.36194444,9/18/2019,Cathleen Lapadat,MN,Lake George ,GEO,50,MN_GEO_50,,,yes,,,,,,
-93.34583333,45.36222222,9/18/2019,Cathleen Lapadat,MN,Lake George ,GEO,49,MN_GEO_49,,,yes,,,,,,
-93.38166667,45.29638889,9/18/2019,Cathleen Lapadat,MN,Rum River,RUM,48,MN_RUM_48,,,yes,,,,,,
-93.37777778,45.2875,9/18/2019,Cathleen Lapadat,MN,Rum River,RUM,47,MN_RUM_47,,,yes,,,,,,
-93.38166667,45.29416667,9/17/2019,Cathleen Lapadat,MN,Rum River,RUM,46,MN_RUM_46,,,yes,,,,,,
-93.13055556,45.32,9/17/2019,Cathleen Lapadat,MN,Not usable,RUM,45,MN_RUM_45,,Not usable; planted,yes,,,,,,
-93.13388889,45.32,9/17/2019,Cathleen Lapadat,MN,Not usable,RUM,44,MN_RUM_44,,Not usable; planted,yes,,,,,,
-93.13166667,45.31944444,9/17/2019,Cathleen Lapadat,MN,Not usable,RUM,43,MN_RUM_43,,Not usable; planted,yes,,,,,,
-93.13111111,45.31972222,9/17/2019,Cathleen Lapadat,MN,Not usable,RUM,42,MN_RUM_42,,Not usable; planted,yes,,,,,,
-93.1675,45.38527778,9/13/2019,Cathleen Lapadat,MN,Cedar Creek,CDR,41,MN_CDR_41,,,yes,,,,,,
-93.17,45.38555556,9/13/2019,Cathleen Lapadat,MN,Cedar Creek,CDR,40,MN_CDR_40,,,yes,,,,,,
-93.16861111,45.38555556,9/13/2019,Cathleen Lapadat,MN,Cedar Creek,CDR,39,MN_CDR_39,,,yes,,,,,,
-93.16638889,45.385,9/13/2019,Cathleen Lapadat,MN,Cedar Creek,CDR,38,MN_CDR_38,,,yes,,,,,,
-93.16527778,45.38555556,9/13/2019,Cathleen Lapadat,MN,Cedar Creek,CDR,37,MN_CDR_37,,,yes,,,,,,
-93.16527778,45.38611111,9/13/2019,Cathleen Lapadat,MN,Cedar Creek,CDR,36,MN_CDR_36,,,yes,,,,,,
-93.1675,45.39277778,9/13/2019,Cathleen Lapadat,MN,Cedar Creek,CDR,35,MN_CDR_35,,,yes,,,,,,
-93.1675,45.39277778,9/13/2019,Cathleen Lapadat,MN,Cedar Creek,CDR,34,MN_CDR_34,,,yes,,,,,,
-93.1825,45.39166667,9/12/2019,Cathleen Lapadat,MN,Cedar Creek,CDR,33,MN_CDR_33,,,yes,,,,,,
-93.185,45.38833333,9/12/2019,Cathleen Lapadat,MN,Cedar Creek,CDR,32,MN_CDR_32,,,yes,,,,,,
-93.18444444,45.38694444,9/10/2019,Cathleen Lapadat,MN,Cedar Creek,CDR,31,MN_CDR_31,,,yes,,,,,,
-93.19527778,45.38722222,9/10/2019,Cathleen Lapadat,MN,Cedar Creek,CDR,30,MN_CDR_30,,,yes,,,,,,
-93.19611111,45.38638889,9/10/2019,Cathleen Lapadat,MN,Cedar Creek,CDR,29,MN_CDR_29,,,yes,,,,,,
-93.17444444,45.38888889,9/10/2019,Cathleen Lapadat,MN,Cedar Creek,CDR,28,MN_CDR_28,,,yes,,,,,,
-93.18472222,45.40944444,9/10/2019,Cathleen Lapadat,MN,Cedar Creek,CDR,27,MN_CDR_27,,,yes,,,,,,
-93.17972222,45.39916667,9/10/2019,Cathleen Lapadat,MN,Cedar Creek,CDR,26,MN_CDR_26,,,yes,,,,,,
-93.18527778,45.40888889,9/9/2019,Cathleen Lapadat,MN,Cedar Creek,CDR,25,MN_CDR_25,,,yes,,,,,,
-93.18388889,45.40944444,9/9/2019,Cathleen Lapadat,MN,Cedar Creek,CDR,24,MN_CDR_24,,,yes,,,,,,
-93.18361111,45.38861111,9/9/2019,Cathleen Lapadat,MN,Cedar Creek,CDR,23,MN_CDR_23,,,yes,,,,,,
-93.18333333,45.40111111,9/9/2019,Cathleen Lapadat,MN,Cedar Creek,CDR,22,MN_CDR_22,,,yes,,,,,,
-93.18416667,45.40527778,9/9/2019,Cathleen Lapadat,MN,Cedar Creek,CDR,21,MN_CDR_21,,,yes,,,,,,
-93.31388889,45.14055556,8/30/2018,Cathleen Lapadat,MN,Coon Rapids Dam (now known as Mississippi Gateway Regional Park),COO,20,MN_COO_20,,,yes,,,,,,
-93.31305556,45.14111111,8/30/2018,Cathleen Lapadat,MN,Coon Rapids Dam (now known as Mississippi Gateway Regional Park),COO,19,MN_COO_19,,,yes,,,,,,
-93.3125,45.13888889,8/30/2018,Cathleen Lapadat,MN,Coon Rapids Dam (now known as Mississippi Gateway Regional Park),COO,18,MN_COO_18,,,yes,,,,,,
-93.31305556,45.13888889,8/30/2018,Cathleen Lapadat,MN,Coon Rapids Dam (now known as Mississippi Gateway Regional Park),COO,17,MN_COO_17,,,yes,,,,,,
-93.31388889,45.13972222,8/30/2018,Cathleen Lapadat,MN,Coon Rapids Dam (now known as Mississippi Gateway Regional Park),COO,16,MN_COO_16,,,yes,,,,,,
-93.63222222,45.18722222,9/30/2020,Cathleen Lapadat,MN,Crow Hassan,CRO,15,MN_CRO_15,,,yes,,,,,,
-93.63777778,45.17361111,8/30/2018,Cathleen Lapadat,MN,Crow Hassan,CRO,14,MN_CRO_14,,,yes,,,,,,
-93.6375,45.17138889,8/30/2018,Cathleen Lapadat,MN,Crow Hassan,CRO,13,MN_CRO_13,,,yes,,,,,,
-93.63194444,45.18722222,8/30/2018,Cathleen Lapadat,MN,Crow Hassan,CRO,12,MN_CRO_12,,,yes,,,,,,
-93.63361111,45.18472222,8/30/2018,Cathleen Lapadat,MN,Crow Hassan,CRO,11,MN_CRO_11,,,yes,,,,,,
-93.06194444,45.31416667,8/29/2018,Cathleen Lapadat,MN,Carlos Avery,CAR,10,MN_CAR_10,,,yes,,,,,,
-93.07277778,45.30166667,8/29/2018,Cathleen Lapadat,MN,Carlos Avery,CAR,9,MN_CAR_9,,,yes,,,,,,
-93.12166667,45.28861111,8/29/2018,Cathleen Lapadat,MN,Carlos Avery,CAR,8,MN_CAR_8,,,yes,,,,,,
-93.13083333,45.2877778,8/29/2018,Cathleen Lapadat,MN,Carlos Avery,CAR,7,MN_CAR_7,,,yes,,,,,,
-93.13,45.2885556,8/29/2018,Cathleen Lapadat,MN,Carlos Avery,CAR,6,MN_CAR_6,,,yes,,,,,,
-93.17972222,45.38638889,8/29/2018,Cathleen Lapadat,MN,Cedar Creek,CDR,5,MN_CDR_5,,,yes,,,,,,
-93.18333333,45.38666667,8/22/2018,Cathleen Lapadat,MN,Cedar Creek,CDR,4,MN_CDR_4,,,yes,,,,,,
-93.195,45.39916667,8/22/2018,Cathleen Lapadat,MN,Cedar Creek,CDR,3,MN_CDR_3,,,yes,,,,,,
-93.18277778,45.39916667,8/22/2018,Cathleen Lapadat,MN,Cedar Creek,CDR,2,MN_CDR_2,,,yes,,,,,,
-93.1844444,45.40722222,8/22/2018,Cathleen Lapadat,MN,Cedar Creek,CDR,1,MN_CDR_1,,,yes,,,,,,
-88.10945252,41.27722066,9/13/2020,"Lucy Schroeder,Maria Park",IL,Ballou Rd. Pole Barn,BRPB,61,IL_BRPB_61,BallouRdPoleBarn,"DBH: 2 m
2020019",yes,156,yes,yes,,,
-88.10927935,41.27714284,9/13/2020,"Lucy Schroeder,Maria Park",IL,Ballou Rd. Pole Barn,BRPB,62,IL_BRPB_62,BallouRdPoleBarn,"By edge of woods. DBH: 1.5 m
2020020",yes,111,yes,yes,,,
-88.10950021,41.27721149,9/13/2020,"Lucy Schroeder,Maria Park",IL,Ballou Rd. Pole Barn,BRPB,60,IL_BRPB_60,BallouRdPoleBarn_1,Private property pole barn. DBH: 0.7,yes,258,yes,yes,,,
-88.08056442,41.81754661,9/13/2020,"Jeannine Cavender-Bares,Nicole Cavender",IL,Morton Arboretum ,MOR,68,IL_MOR_68,,Formerly 106,yes,,yes,,,,
-88.07913467,41.81837035,9/13/2020,"Jeannine Cavender-Bares,Nicole Cavender",IL,Morton Arboretum ,MOR,67,IL_MOR_67,,Not sure which tree these are from. Only found a handful. Very close to 104. Formerly 105,yes,131,no,no,,,
-88.07856732,41.80873335,9/13/2020,"Jeannine Cavender-Bares,Nicole Cavender",IL,Morton Arboretum ,MOR,66,IL_MOR_66,,Formerly 104,yes,54,no,no,,,
-88.05180923,41.81662169,9/13/2020,"Jeannine Cavender-Bares,Nicole Cavender",IL,Morton Arboretum ,MOR,65,IL_MOR_65,,By troll! Formerly 103,yes,85,,,,,
-88.04977524,41.81192904,9/13/2020,"Jeannine Cavender-Bares,Nicole Cavender",IL,Morton Arboretum ,MOR,64,IL_MOR_64,,Smallish tree by pkg lot. Acorns collected on the ground. Most were eaten! Maybe 30 acorns. Formerly 102,yes,59,no,no,,,
-88.05037175,41.81354601,9/13/2020,"Jeannine Cavender-Bares,Nicole Cavender",IL,Morton Arboretum ,MOR,63,IL_MOR_63,,Only tree with acorns in this stand! Formerly 101,yes,175,no,no,,,
-87.89751082,41.70391674,9/12/2020,"Lucy Schroeder,Maria Park",IL,Wolf Road Woods,WRW,57,IL_WRW_57,Wolf Creek Woods,"By picnic shelter. DBH: 1.5
2020016",yes,,yes,yes,,,
-87.89482601,41.70452778,9/12/2020,"Lucy Schroeder,Maria Park",IL,Wolf Road Woods,WRW,59,IL_WRW_59,WolfRoadWoods_4,"2nd tree in from road, by gravel trail. DBH: .5 m
2020017",yes,,yes,yes,,,
-87.89693272,41.70439003,9/12/2020,"Lucy Schroeder,Maria Park",IL,Wolf Road Woods,WRW,58,IL_WRW_58,WolfRoadWoods_3,"By gravel trail to picnic shelter. DBH: 0.6 m
2020016",yes,178,yes,yes,,,
-87.8962392,41.70451446,9/12/2020,"Lucy Schroeder,Maria Park",IL,Wolf Road Woods,WRW,56,IL_WRW_56,WolfRoadWoods_1,"Next to parking lot. DBH: 0.9

2020015",yes,207,yes,yes,,,
-87.85295698,41.72562767,9/12/2020,"Lucy Schroeder,Maria Park",IL,Spears Woods,SPW,54,IL_SPW_54,SpearsWoods-1,"Side of parking lot facing highway. DBH: .7
2020013",yes,80,yes,yes,,,
-87.76681021,41.6360483,9/12/2020,"Lucy Schroeder,Maria Park",IL,Rubio Woods,RW,53,IL_RW_53,RubioWoods_1,"By grove 3 marker. DBH: .65 m
2020012",yes,126,yes,yes,,,
-87.79112485,41.64232966,9/12/2020,"Lucy Schroeder,Maria Park",IL,Burr Oak Woods,BOW,52,IL_BOW_52,BurrOakWoods,"Edge of clearing. DBH: .9 m
2020011",yes,28,yes,yes,,,
-88.07985317,41.5033018,9/11/2020,"Lucy Schroeder,Maria Park",IL,Nowell park,NP,51,IL_NP_51,NowellPark_4,"Down hill from shelter, next to playground. Split trunk. DBH: 1.25 m
2020012",yes,235,yes,yes,,,
-88.0787126,41.50522101,9/11/2020,"Lucy Schroeder,Maria Park",IL,Nowell Park,NP,48,IL_NP_48,NowellPark_1,"Next to playground. DBH: 1 m
2020006",yes,240,yes,yes,,,
-87.96776944,41.19491348,9/10/2020,"Lucy Schroeder,Maria Park",IL,Kankakee River State Park,KSP,44,IL_KSP_44,KankakeeStatePark_44,2020002,yes,9,,,,,
-87.96681642,41.19841351,9/8/2020,"Lucy Schroeder,Maria Park",IL,Kankakee state park,KSP,45,IL_KSP_45,KankakeeStatePark_1,"Potowatomi campground 
2020003",yes,214,,,,,
-87.96644845,41.19781428,9/8/2020,"Lucy Schroeder,Maria Park",IL,Kankakee state park,KSP,43,IL_KSP_43,KankakeeStatePark1,"Potowatomi campground parking lot
2020001",,139,,,,,
