Date collected,Latitude,Longitude,State,Mother ID,Site ID,Unique Code,Site
8/22/2018,45.40722222,-93.1844444,MN,1,1,MN-CDR-1,Cedar Creek
8/22/2018,45.39916667,-93.1827778,MN,2,2,MN-CDR-2,Cedar Creek
8/22/2018,45.39916667,-93.195,MN,3,3,MN-CDR-3,Cedar Creek
8/22/2018,45.38666667,-93.1833333,MN,4,4,MN-CDR-4,Cedar Creek
8/29/2018,45.38638889,-93.1797222,MN,5,5,MN-CDR-5,Cedar Creek
8/29/2018,45.2885556,-93.13,MN,6,1,MN-CAR-6,Carlos Avery
8/29/2018,45.2877778,-93.1308333,MN,7,2,MN-CAR-7,Carlos Avery
8/29/2018,45.28861111,-93.1216667,MN,8,3,MN-CAR-8,Carlos Avery
8/29/2018,45.30166667,-93.0727778,MN,9,4,MN-CAR-9,Carlos Avery
8/29/2018,45.31416667,-93.0619444,MN,10,5,MN-CAR-10,Carlos Avery
8/30/2018,45.18472222,-93.6336111,MN,11,1,MN-CRO-11,Crow Hassan
8/30/2018,45.18722222,-93.6319444,MN,12,2,MN-CRO-12,Crow Hassan
8/30/2018,45.17138889,-93.6375,MN,13,4,MN-CRO-13,Crow Hassan
8/30/2018,45.17361111,-93.6377778,MN,14,5,MN-CRO-14,Crow Hassan
8/30/2024,45.18722222,-93.6322222,MN,15,6,MN-CRO-15,Crow Hassan
8/30/2018,45.13972222,-93.3138889,MN,16,1,MN-COO-16,Coon Rapids Dam
8/30/2018,45.13888889,-93.3130556,MN,17,2,MN-COO-17,Coon Rapids Dam
8/30/2018,45.13888889,-93.3125,MN,18,3,MN-COO-18,Coon Rapids Dam
8/30/2018,45.14111111,-93.3130556,MN,19,4,MN-COO-19,Coon Rapids Dam
8/30/2018,45.14055556,-93.3138889,MN,20,5,MN-COO-20,Coon Rapids Dam
9/9/2019,45.40527778,-93.1841667,MN,21,Cedar1,MN-CDR-21,Cedar Creek
9/9/2019,45.40111111,-93.1833333,MN,22,Cedar2,MN-CDR-22,Cedar Creek
9/9/2019,45.38861111,-93.1836111,MN,23,Cedar3,MN-CDR-23,Cedar Creek
9/9/2019,45.40944444,-93.1838889,MN,24,Cedar4,MN-CDR-24,Cedar Creek
9/9/2019,45.40888889,-93.1852778,MN,25,Cedar5,MN-CDR-25,Cedar Creek
9/10/2019,45.39916667,-93.1797222,MN,26,Cedar6,MN-CDR-26,Cedar Creek
9/10/2019,45.40944444,-93.1847222,MN,27,Cedar7,MN-CDR-27,Cedar Creek
9/10/2019,45.38888889,-93.1744444,MN,28,Cedar8,MN-CDR-28,Cedar Creek
9/10/2019,45.38638889,-93.1961111,MN,29,Cedar9,MN-CDR-29,Cedar Creek
9/10/2019,45.38722222,-93.1952778,MN,30,Cedar10,MN-CDR-30,Cedar Creek
9/10/2019,45.38694444,-93.1844444,MN,31,Cedar11,MN-CDR-31,Cedar Creek
9/12/2019,45.38833333,-93.185,MN,32,Cedar12,MN-CDR-32,Cedar Creek
9/12/2019,45.39166667,-93.1825,MN,33,Cedar13,MN-CDR-33,Cedar Creek
9/13/2019,45.39277778,-93.1675,MN,34,Cedar14,MN-CDR-34,Cedar Creek
9/13/2019,45.39277778,-93.1675,MN,35,Cedar15,MN-CDR-35,Cedar Creek
9/13/2019,45.38611111,-93.1652778,MN,36,Cedar16,MN-CDR-36,Cedar Creek
9/13/2019,45.38555556,-93.1652778,MN,37,Cedar17,MN-CDR-37,Cedar Creek
9/13/2019,45.385,-93.1663889,MN,38,Cedar18,MN-CDR-38,Cedar Creek
9/13/2019,45.38555556,-93.1686111,MN,39,Cedar19,MN-CDR-39,Cedar Creek
9/13/2019,45.38555556,-93.17,MN,40,Cedar20,MN-CDR-40,Cedar Creek
9/13/2019,45.38527778,-93.1675,MN,41,Cedar21,MN-CDR-41,Cedar Creek
9/17/2019,45.31972222,-93.1311111,MN,42,Rum River22,MN-RUM-42,Not usable
9/17/2019,45.31944444,-93.1316667,MN,43,Rum River23,MN-RUM-43,Not usable
9/17/2019,45.32,-93.1338889,MN,44,Rum River24,MN-RUM-44,Not usable
9/17/2019,45.32,-93.1305556,MN,45,Rum River25,MN-RUM-45,Not usable
9/17/2019,45.29416667,-93.3816667,MN,46,Rum River26,MN-RUM-46,Rum River
9/18/2019,45.2875,-93.3777778,MN,47,Rum River27,MN-RUM-47,Rum River
9/18/2019,45.29638889,-93.3816667,MN,48,Rum River28,MN-RUM-48,Rum River
9/18/2019,45.36222222,-93.3458333,MN,49,Lake George29,MN-GEO-49,Lake George
9/18/2019,45.36194444,-93.3430556,MN,50,Lake George30,MN-GEO-50,Lake George
9/18/2019,45.36361111,-93.3361111,MN,51,Lake George31,MN-GEO-51,Lake George
9/18/2019,45.20555556,-93.2811111,MN,52,Bunker Hills32,MN-BUN-52,Bunker Hills Regional Park
9/18/2019,45.205,-93.2813889,MN,53,Bunker Hills33,MN-BUN-53,Bunker Hills Regional Park
9/19/2019,45.09722222,-93.2572222,MN,54,Locke County 34,MN-LOC-54,Locke County Dog Park
9/19/2019,45.09638889,-93.2536111,MN,55,Locke County 35,MN-LOC-55,Locke County Dog Park
9/19/2019,45.10305556,-93.2619444,MN,56,Locke County 36,MN-LOC-56,Locke County Dog Park
9/18/2018,41.814727,-88.089297,IL,1,1,IL-MOR-1,Morton Arboretum
9/18/2018,41.814933,-88.061136,IL,2,2,IL-MOR-2,Morton Arboretum
9/18/2018,41.8151,-88.052873,IL,3,3,IL-MOR-3,Morton Arboretum
9/18/2018,41.814998,-88.065699,IL,4,4,IL-MOR-4,Morton Arboretum
9/18/2018,41.813568,-88.050802,IL,5,5,IL-MOR-5,Morton Arboretum
9/13/2018,41.81911,-88.10864,IL,6,2018001,IL-DFP-6,Danada Forest Preserve
9/13/2018,41.81959,-88.1072,IL,7,2018002,IL-DFP-7,Danada Forest Preserve
9/13/2018,41.82099,-88.10564,IL,8,2018003,IL-DFP-8,Danada Forest Preserve
9/13/2018,41.82201,-88.10503,IL,9,2018004,IL-DFP-9,Danada Forest Preserve
9/13/2018,41.82042,-88.10512,IL,10,2018005,IL-DFP-10,Danada Forest Preserve
9/13/2018,41.85406,-88.19614,IL,11,2018006,IL-BFP-11,Blackwell Forest Preserve
9/13/2018,41.85375,-88.19589,IL,12,2018007,IL-BFP-12,Blackwell Forest Preserve
9/13/2018,41.85325,-88.19617,IL,13,2018008,IL-BFP-13,Blackwell Forest Preserve
9/13/2018,41.85174,-88.19542,IL,14,2018009,IL-BFP-14,Blackwell Forest Preserve
9/13/2018,41.7334,-88.08881,IL,15,2018010,IL-GFP-15,Greene Valley Forest Preserve
9/13/2018,41.73365,-88.08827,IL,16,2018011,IL-GFP-16,Greene Valley Forest Preserve
9/13/2018,41.73355,-88.08688,IL,17,2018012,IL-GFP-17,Greene Valley Forest Preserve
9/13/2018,41.73317,-88.08675,IL,18,2018013,IL-GFP-18,Greene Valley Forest Preserve
9/13/2018,41.73398,-88.08988,IL,19,2018014,IL-GFP-19,Greene Valley Forest Preserve
9/13/2018,41.82105,-88.08192,IL,20,2018015,IL-MOR-20,Morton Arboretum
9/13/2018,41.82129,-88.082,IL,21,2018016,IL-MOR-21,Morton Arboretum
9/16/2019,41.81993,-88.14039,IL,22,2019001,IL-HER-22,Herrick Lake Forest Preserve
9/16/2019,41.81786,-88.13645,IL,23,2019002,IL-HER-23,Herrick Lake Forest Preserve
9/16/2019,41.81745,-88.13534,IL,24,2019003,IL-HER-24,Herrick Lake Forest Preserve
9/16/2019,41.81935,-88.10754,IL,25,2019004,IL-DFP-25,Danada Forest Preserve
9/16/2019,41.81937,-88.04906,IL,26,2019005,IL-MOR-26,"The Morton Arboretum, East Woods"
9/17/2019,41.81978,-88.04293,IL,27,2019006,IL-MOR-27,"The Morton Arboretum, East Woods"
9/17/2019,41.82228,-88.04604,IL,28,2019007,IL-MOR-28,"The Morton Arboretum, East Woods"
9/17/2019,41.82277,-88.0468,IL,29,2019008,IL-MOR-29,"The Morton Arboretum, East Woods"
9/17/2019,41.81783,-88.04698,IL,30,2019009,IL-MOR-30,"The Morton Arboretum, East Woods"
9/17/2019,41.81888,-88.05113,IL,31,2019010,IL-MOR-31,"The Morton Arboretum, East Woods"
9/18/2019,41.83202,-88.16703,IL,32,2019011,IL-JAM-32,St. James Farm
9/18/2019,41.83217,-88.16714,IL,33,2019012,IL-JAM-33,St. James Farm
9/18/2019,41.78718,-88.17938,IL,34,2019013,IL-MCD-34,McDowell Grove Forest Preserve
9/18/2019,41.97178,-88.17958,IL,35,2019014,IL-HAW-35,Hawk Hollow Forest Preserve
9/18/2019,41.80317,-88.024085,IL,36,2019015,IL-DAW-36,Street tree at 4540 Dawes Dr
,42.090608,-87.78335,IL,37,,IL-QBP-37,619QB - Queens and Balmoral
,42.090147,-87.783533,IL,38,,IL-QBP-38,621-940PDeck - 940 Pleasant and Balmoral
,42.089967,-87.783272,IL,39,,IL-QBP-39,624PleasBal - Pleasant and Balmoral
,42.090453,-87.784858,IL,40,,IL-QBP-40,625QB - 1035 Queens
,42.089758,-87.784847,IL,41,,IL-QBP-41,631-1037P - 1037 Pleasant
,42.090161,-87.784936,IL,42,,IL-QBP-42,632-1038P - 1038 Pleasant
,,,OK,1,WP1,OK-WP-1,Woodland Park
,,,OK,2,WP2,OK-WP-2,Woodland Park
,,,OK,3,WP3,OK-WP-3,Woodland Park
,,,OK,4,WP4,OK-WP-4,Woodland Park
,,,OK,5,Moneghan4,OK-MON-5,Monaghan Farm
,,,OK,6,Moneghan5,OK-MON-6,Monaghan Farm
10/28/2019,35.52194444,-97.4991667,OK,7,WP1,OK-WOO-7,Woodland Park
10/28/2019,35.51972222,-97.5016667,OK,8,WP2,OK-WOO-8,Woodland Park
10/28/2019,35.52055556,-97.5011111,OK,9,WP3,OK-WOO-9,Woodland Park
10/28/2019,35.48416667,-97.4597222,OK,10,EDW1,OK-EDW-10,Edwards Park
10/28/2019,35.48416667,-97.4602778,OK,11,EDW2,OK-EDW-11,Edwards Park
10/28/2019,35.48388889,-97.4608333,OK,12,EDW3,OK-EDW-12,Edwards Park
10/28/2019,35.48388889,-97.4633333,OK,13,EDW4,OK-EDW-13,Edwards Park
10/28/2019,35.48277778,-97.4638889,OK,14,EDW5,OK-EDW-14,Edwards Park
10/28/2019,35.48305556,-97.4641667,OK,15,EDW6,OK-EDW-15,Edwards Park
10/28/2019,35.48222222,-97.4608333,OK,16,EDW7,OK-EDW-16,Edwards Park
10/29/2019,35.145,-97.6127778,OK,17,MON1,OK-MON-17,Monaghan Farm
10/29/2019,35.14527778,-97.6130556,OK,18,MON2,OK-MON-18,Monaghan Farm
10/29/2019,35.14555556,-97.6127778,OK,19,MON3,OK-MON-19,Monaghan Farm
10/29/2019,35.17694444,-97.4497222,OK,20,OLI1,OK-OLI-20,Oliver Wildlife Preserve
10/30/2019,35.42722222,-97.5141667,OK,21,DRA1,OK-DRA-21,Draper Park
10/30/2019,35.42722222,-97.5138889,OK,22,DRA2,OK-DRA-22,Draper Park
10/30/2019,35.42138889,-97.5127778,OK,23,DRA3,OK-DRA-23,Draper Park
10/30/2019,35.42194444,-97.5122222,OK,24,DRA4,OK-DRA-24,Draper Park
10/30/2019,35.42277778,-97.5119444,OK,25,DRA5,OK-DRA-25,Draper Park
10/30/2019,35.42277778,-97.5113889,OK,26,DRA6,OK-DRA-26,Draper Park
10/30/2019,35.42333333,-97.5116667,OK,27,DRA7,OK-DRA-27,Draper Park
10/31/2019,34.98055556,-97.5216667,OK,28,KES1,OK-KES-28,Kessler Atmospheric and Ecological Field Station
10/31/2019,35.18722222,-97.4286111,OK,29,JIM1,OK-JIM-29,Jimmy Austin Golf Course
